Workbook

Sheet 00_СТАРТ
A1: РОБОЧА МОДЕЛЬ СЦЕНАРІЇВ ТРАНСПОРТНОЇ МЕРЕЖІ
A3: Крок | B3: Дія | C3: Вкладка | D3: Що робити
A4: 1 | B4: Налаштуй припущення | C4: 01_Параметри | D4: Змінюй лише жовту клітинку B14: середня кількість ТТ у маршруті.
A5: 2 | B5: Створи сценарій | C5: 07A_Конструктор | D5: У колонці D встанови Так або Ні для кожного переходу.
A6: 3 | B6: Подивись підсумок | C6: 10_Дашборд | D6: Контроль пробігу, кількості маршрутів, змінених потоків та лімітів РЦ.
A7: 4 | B7: Розбери деталі | C7: Результат сценарію | D7: Фільтруй статус ЗМІНЕНО або НЕМАЄ МАРШРУТУ.
A8: 5 | B8: Поверни базу | C8: 07A_Конструктор | D8: Встанови Так для всіх 13 переходів.
A10: Важливо | B10: Абсолютний пробіг є оцінкою. Модель порівнює сценарії мостів і не оптимізує фактичну послідовність відвідування ТТ усередині маршруту.

Sheet 01_Параметри
A1: ПАРАМЕТРИ ПОВНОЇ МОДЕЛІ МЕРЕЖІ
A2: Параметр | B2: Значення | C2: Одиниця | D2: Використання | F2: Тип авто | G2: Місткість, палет | H2: Правило вибору
A3: Горизонт моделювання | B3: 30 | C3: днів | D3: Розрахунок загального попиту | F3: 5 т | G3: 14 | H3: залишок до 14 палет
A4: Потужність РЦЧ | B4: 200 | C4: палет/день | D4: Період джерела: вересень 2026 | F4: 7 т | G4: 16 | H4: залишок 15–16 палет
A5: Попит РЦЧ на 1 ТТ | B5: 1 | C5: палета/день | D5: Тимчасове значення до фактичних даних | F5: 10 т | G5: 20 | H5: залишок 17–20 палет
A6: Коефіцієнт дорожньої відстані | B6: 1.2 | C6: коефіцієнт | D6: Фактичний список ТТ з файлу РЦЧ (пикинг).xlsx
A7: Максимальна місткість авто | B7: 20 | C7: палет | D7: Верхня місткість парку; деталізація 5/7/10 т у таблиці праворуч | F7: ЛІМІТИ РЦ
A8: Вартість 1 км | C8: грн/км | D8: Ввід користувача | F8: РЦ | G8: Максимум ТТ
A9: Вартість 1 палети | C9: грн/палета | D9: Ввід користувача | F9: РЦП | G9: 800
A10: Активний сценарій | B10: S0 | C10: код | D10: Перемикач сценарію | F10: РЦВ | G10: 500
A11: Кількість резервних маршрутів | B11: 2 | C11: маршрути | D11: Основний плюс два резервні | F11: РЦЛ | G11: 700
A12: Допустимий приріст кілометражу | C12: % | D12: Ввід користувача | F12: РЦК | G12: 200
A13: Допустимий приріст часу | C13: % | D13: Ввід користувача | F13: РЦЧ | G13: 200
A14: Середня кількість ТТ у маршруті | B14: 4 | C14: ТТ/маршрут | D14: Користувацьке припущення; змінює оцінний пробіг і кількість маршрутів
A15: ДЖЕРЕЛА ДАНИХ
A16: Все ТТ.xlsx | B16: ТТ, координати, чинний РЦ, палети; агрегати РЦ | C16: Вересень 2026 | D16: Реальні дані
A17: РЦЧ (пикинг).xlsx | B17: Ознака паралельного потоку РЦЧ | D17: Реальні дані
A18: РЦК макси.xlsx | B18: 347 ТТ, координати та чинні депо | D18: Реальні дані
A19: Правило потоку РЦК макси | B19: Паралельний потік на ті самі ТТ; обсяг по ТТ відсутній у джерелі | D19: Обсяг не моделюється
A20: КОНТРОЛЬНА ЛОГІКА МЕРЕЖІ
A21: Базові унікальні ТТ | B21: 1929 | C21: ТТ | D21: 715 РЦП + 600 РЦВ + 614 РЦЛ
A22: РЦК макси | B22: 347 | C22: потоків | D22: Це ті самі ТТ, не нові унікальні ТТ
A23: РЦЧ | B23: 168 | C23: потоків | D23: Окремий паралельний SKU-потік
A24: Сума рядків джерел | B24: 2276 | C24: рядків | D24: 1929 + 347
A25: Усього потоків | B25: 2444 | C25: потоків | D25: 1929 + 347 + 168
A26: Палети | D26: Розподілені як середні по РЦ з агрегатів Все ТТ.xlsx
A28: МЕТОД РОЗРАХУНКУ МАРШРУТІВ
A29: Метод оцінного пробігу | B29: Сума еквівалентного пробігу ÷ середня кількість ТТ у маршруті
A30: Ліміти РЦ | B30: Контроль лише базових унікальних ТТ; паралельні SKU-потоки РЦК/РЦЧ не дублюють ТТ у ліміті
A31: Прямий маршрут | B31: Дозволений, якщо РЦ і ТТ визначені на одній стороні Дніпра
A32: Пробіг | B32: 2 × відстань × палет/день ÷ місткість авто
A33: Обмеження | B33: Це планова координатна модель, не дорожній роутер; значення придатні для порівняння сценаріїв

Sheet 07A_Конструктор
A1: КОНСТРУКТОР СЦЕНАРІЮ: БУДЬ-ЯКА КОМБІНАЦІЯ 13 ПЕРЕХОДІВ
A2: Робота користувача: у колонці D виберіть «Так/Ні». Параметр ТТ/маршрут змінюється на 01_Параметри!B14.
A4: Bridge_ID | B4: Вузол | C4: Перехід | D4: Доступний | E4: Закритий | F4: Група | H4: ПІДСУМОК КОНФІГУРАЦІЇ
A5: KYI_DARN | B5: Київ | C5: Дарницький міст | D5: Так | E5: =IF(D5="Ні",1,0) -> 0 | F5: Київ | H5: Показник | I5: Значення
A6: KYI_SOUTH | B6: Київ | C6: Південний міст | D6: Так | E6: =IF(D6="Ні",1,0) -> 0 | F6: Київ | H6: Активні переходи | I6: =COUNTIF(D5:D17,"Так") -> 13
A7: KYI_NORTH | B7: Київ | C7: Північний міст | D7: Так | E7: =IF(D7="Ні",1,0) -> 0 | F7: Київ | H7: Закриті переходи | I7: =COUNTIF(D5:D17,"Ні") -> 0
A8: KYI_HPP | B8: Вишгород | C8: Київська ГЕС | D8: Так | E8: =IF(D8="Ні",1,0) -> 0 | F8: Київ | H8: Рівень ризику | I8: =IF(I7<=2,"Зелений",IF(I7<=5,"Жовтий",IF(I7<=8,"Помаранчевий","Червоний"))) -> Зелений
A9: KANIV_HPP | B9: Канів | C9: Канівська ГЕС | D9: Так | E9: =IF(D9="Ні",1,0) -> 0 | F9: Канів | H9: Базовий оцінний пробіг, км/день | I9: ='Результат сценарію'!B5 -> 241526.75
A10: CHK | B10: Черкаси | C10: Черкаський міст | D10: Так | E10: =IF(D10="Ні",1,0) -> 0 | F10: Черкаси | H10: Пробіг сценарію, км/день | I10: ='Результат сценарію'!B6 -> 241526.75
A11: KREM | B11: Кременчук | C11: Кременчуцький міст | D11: Так | E11: =IF(D11="Ні",1,0) -> 0 | F11: Кременчук | H11: Зміна пробігу, км/день | I11: ='Результат сценарію'!B7 -> 0
A12: KAM_HPP | B12: Кам’янське | C12: Середньодніпровська ГЕС | D12: Так | E12: =IF(D12="Ні",1,0) -> 0 | F12: Дніпро | H12: Зміна пробігу, % | I12: ='Результат сценарію'!B8 -> 0
A13: DNI_AMUR | B13: Дніпро | C13: Амурський міст | D13: Так | E13: =IF(D13="Ні",1,0) -> 0 | F13: Дніпро | H13: Маршрутів/день | I13: ='Результат сценарію'!E5 -> 483
A14: DNI_CENTR | B14: Дніпро | C14: Центральний міст | D14: Так | E14: =IF(D14="Ні",1,0) -> 0 | F14: Дніпро | H14: Потоки зі зміною | I14: ='Результат сценарію'!E6 -> 0
A15: DNI_SOUTH | B15: Дніпро | C15: Південний міст | D15: Так | E15: =IF(D15="Ні",1,0) -> 0 | F15: Дніпро | H15: Недоступні потоки | I15: ='Результат сценарію'!E7 -> 0
A16: ZP_PREOBR | B16: Запоріжжя | C16: Мости Преображенського | D16: Так | E16: =IF(D16="Ні",1,0) -> 0 | F16: Запоріжжя | H16: ТТ/маршрут | I16: ='01_Параметри'!B14 -> 4
A17: ZP_NEW | B17: Запоріжжя | C17: Нові мостові переходи | D17: Так | E17: =IF(D17="Ні",1,0) -> 0 | F17: Запоріжжя | H17: Перепризначено ТТ між РЦ | I17: =COUNTIF('03B_Призначення_РЦ'!D:D,"Так") -> 100

Sheet 10_Дашборд
A1: ДАШБОРД ПОВНОЇ МОДЕЛІ МЕРЕЖІ
A3: KPI | B3: Значення | D3: ПОТОЧНИЙ СЦЕНАРІЙ
A4: Рядків у джерелах | B4: 2276 | D4: Показник | E4: Значення | F4: Ліміт ТТ | G4: Резерв | H4: Статус
A5: Унікальних ТТ | B5: 1929 | D5: ТТ на маршрут | E5: ='01_Параметри'!B14 -> 4 | F5: ='02_РЦ'!E3 -> 800 | G5: РЦ | H5: Базові ТТ | I5: Ліміт | J5: Статус
A6: Основних потоків | B6: 1929 | D6: Маршрутів/день | E6: ='Результат сценарію'!E5 -> 483 | F6: ='02_РЦ'!E4 -> 500 | G6: ='02_РЦ'!A3 -> РЦП | H6: ='02_РЦ'!H3 -> 800 | I6: ='02_РЦ'!E3 -> 800 | J6: ='02_РЦ'!I3 -> В межах
A7: Потоків РЦК макси | B7: 347 | D7: Зміна пробігу, % | E7: ='Результат сценарію'!B8 -> 0 | F7: ='02_РЦ'!E5 -> 700 | G7: ='02_РЦ'!A4 -> РЦВ | H7: ='02_РЦ'!H4 -> 500 | I7: ='02_РЦ'!E4 -> 500 | J7: ='02_РЦ'!I4 -> В межах
A8: Потоків РЦЧ | B8: 168 | D8: Потоки зі зміною | E8: ='Результат сценарію'!E6 -> 0 | F8: ='02_РЦ'!E6 -> 200 | G8: ='02_РЦ'!A5 -> РЦЛ | H8: ='02_РЦ'!H5 -> 614 | I8: ='02_РЦ'!E5 -> 700 | J8: ='02_РЦ'!I5 -> В межах
A9: Усього потоків | B9: 2444 | D9: Недоступні потоки | E9: ='Результат сценарію'!E7 -> 0 | F9: ='02_РЦ'!E7 -> 200 | G9: ='02_РЦ'!A6 -> РЦК | H9: ='02_РЦ'!H6 -> 15 | I9: ='02_РЦ'!E6 -> 200 | J9: ='02_РЦ'!I6 -> В межах
A10: РЦП ТТ | B10: 715 | D10: Перепризначено ТТ між РЦ | E10: ='Результат сценарію'!H7 -> 100 | G10: ='02_РЦ'!A7 -> РЦЧ | H10: ='02_РЦ'!H7 -> 0 | I10: ='02_РЦ'!E7 -> 200 | J10: ='02_РЦ'!I7 -> В межах
A11: РЦВ ТТ | B11: 600
A12: РЦЛ ТТ | B12: 614
A13: Палети: метод | B13: Середнє по РЦ з Все ТТ.xlsx

Sheet Результат сценарію
A1: ="РЕЗУЛЬТАТ СЦЕНАРІЮ: ОЦІНКА ПРИ "&'01_Параметри'!B14&" ТТ/МАРШРУТ" -> РЕЗУЛЬТАТ СЦЕНАРІЮ: ОЦІНКА ПРИ 4 ТТ/МАРШРУТ
A3: ПРИПУЩЕННЯ | B3: Оцінний пробіг агрегує ТТ у маршрути. РЦК/РЦЧ є паралельними SKU-потоками і не дублюють базові ТТ в лімітах РЦ.
A5: Базовий оцінний пробіг, км/день | B5: =SUM(K11:K2453)/'01_Параметри'!$B$14 -> 241526.75 | D5: Оцінна кількість маршрутів/день | E5: =ROUNDUP(COUNTIF('04_Потоки'!$C:$C,"Основний")/'01_Параметри'!$B$14,0) -> 483 | G5: Активні переходи | H5: ='07A_Конструктор'!I6 -> 13
A6: Пробіг сценарію, км/день | B6: =SUM(L11:L2453)/'01_Параметри'!$B$14 -> 241526.75 | D6: Потоки зі зміною | E6: =COUNTIF(G11:G2453,"ЗМІНЕНО") -> 0 | G6: Закриті переходи | H6: ='07A_Конструктор'!I7 -> 0
A7: Зміна пробігу, км/день | B7: =B6-B5 -> 0 | D7: Недоступні потоки | E7: =COUNTIF(G11:G2453,"НЕМАЄ МАРШРУТУ") -> 0 | G7: Перепризначено базових ТТ | H7: =COUNTIF('03B_Призначення_РЦ'!D:D,"Так") -> 100
A8: Зміна пробігу, % | B8: =IFERROR(B7/B5,0) -> 0 | D8: Зачеплені палети/день | E8: =SUMIF(G11:G2453,"ЗМІНЕНО",I11:I2453)+SUMIF(G11:G2453,"НЕМАЄ МАРШРУТУ",I11:I2453) -> 0
A10: Flow_ID | B10: TT_ID | C10: Тип потоку | D10: РЦ | E10: Базовий перехід | F10: Перехід сценарію | G10: Статус | H10: Δ маршруту, км | I10: Палет/день | J10: Рейсів/день | K10: Базовий еквів. пробіг | L10: Сценарний еквів. пробіг | M10: Δ еквів. пробігу | N10: Δ % | O10: Обрана відстань | P10: Тип авто | Q10: Місткість авто | R10: Ліміт РЦ, ТТ | S10: Статус ліміту
A11: ='06A_Варіанти'!A2 -> BASE_1 | B11: ='06A_Варіанти'!B2 -> TT_1 | C11: ='06A_Варіанти'!D2 -> Основний | D11: ='06A_Варіанти'!C2 -> РЦП | E11: ='06A_Варіанти'!S2 -> DIRECT | F11: =IF(O11='06A_Варіанти'!E2,'06A_Варіанти'!E$1,IF(O11='06A_Варіанти'!F2,'06A_Варіанти'!F$1,IF(O11='06A_Варіанти'!G2,'06A_Варіанти'!G$1,IF(O11='06A_Варіанти'!H2,'06A_Варіанти'!H$1,IF(O11='06A_Варіанти'!I2,'06A_Варіанти'!I$1,IF(O11='06A_Варіанти'!J2,'06A_Варіанти'!J$1,IF(O11='06A_Варіанти'!K2,'06A_Варіанти'!K$1,IF(O11='06A_Варіанти'!L2,'06A_Варіанти'!L$1,IF(O11='06A_Варіанти'!M2,'06A_Варіанти'!M$1,IF(O11='06A_Варіанти'!N2,'06A_Варіанти'!N$1,IF(O11='06A_Варіанти'!O2,'06A_Варіанти'!O$1,IF(O11='06A_Варіанти'!P2,'06A_Варіанти'!P$1,IF(O11='06A_Варіанти'!Q2,'06A_Варіанти'!Q$1,IF(O11='06A_Варіанти'!R2,'06A_Варіанти'!R$1,"НЕМАЄ МАРШРУТУ")))))))))))))) -> DIRECT | G11: =IF(O11>1E+90,"НЕМАЄ МАРШРУТУ",IF(F11=E11,"БЕЗ ЗМІН","ЗМІНЕНО")) -> БЕЗ ЗМІН | H11: =IF(G11="НЕМАЄ МАРШРУТУ",0,O11-'06A_Варіанти'!T2) -> 0 | I11: =IFERROR(INDEX('04_Потоки'!$E:$E,MATCH(A11,'04_Потоки'!$A:$A,0)),0) -> 1.8505361 | J11: =ROUNDUP(I11/20,0) -> 1 | K11: =IF(C11="РЦК макси",0,2*'06A_Варіанти'!T2*J11) -> 13.8 | L11: =IF(C11="РЦК макси",0,IF(G11="НЕМАЄ МАРШРУТУ",0,2*O11*J11)) -> 13.8 | M11: =L11-K11 -> 0 | N11: =IFERROR(M11/K11,0) -> 0 | O11: =MIN(IF('07A_Конструктор'!$D$5="Так",'06A_Варіанти'!E2,1E+99),IF('07A_Конструктор'!$D$6="Так",'06A_Варіанти'!F2,1E+99),IF('07A_Конструктор'!$D$7="Так",'06A_Варіанти'!G2,1E+99),IF('07A_Конструктор'!$D$8="Так",'06A_Варіанти'!H2,1E+99),IF('07A_Конструктор'!$D$9="Так",'06A_Варіанти'!I2,1E+99),IF('07A_Конструктор'!$D$10="Так",'06A_Варіанти'!J2,1E+99),IF('07A_Конструктор'!$D$11="Так",'06A_Варіанти'!K2,1E+99),IF('07A_Конструктор'!$D$12="Так",'06A_Варіанти'!L2,1E+99),IF('07A_Конструктор'!$D$13="Так",'06A_Варіанти'!M2,1E+99),IF('07A_Конструктор'!$D$14="Так",'06A_Варіанти'!N2,1E+99),IF('07A_Конструктор'!$D$15="Так",'06A_Варіанти'!O2,1E+99),IF('07A_Конструктор'!$D$16="Так",'06A_Варіанти'!P2,1E+99),IF('07A_Конструктор'!$D$17="Так",'06A_Варіанти'!Q2,1E+99),IF('06A_Варіанти'!R2="",1E+99,'06A_Варіанти'!R2)) -> 6.9 | P11: =IF(C11="РЦК макси","Не моделюється",IF(MOD(I11,20)=0,"10 т",IF(MOD(I11,20)<=14,"5 т",IF(MOD(I11,20)<=16,"7 т","10 т")))) -> 5 т | Q11: =IF(P11="Не моделюється",0,IF(P11="5 т",14,IF(P11="7 т",16,20))) -> 14 | R11: =IF(OR(C11="РЦК макси",C11="РЦЧ SKU"),"SKU-потік",IFERROR(VLOOKUP(D11,'02_РЦ'!$A$3:$I$7,5,FALSE),0)) -> 800 | S11: =IF(OR(C11="РЦК макси",C11="РЦЧ SKU"),"Не рахується в ліміт",IFERROR(VLOOKUP(D11,'02_РЦ'!$A$3:$I$7,9,FALSE),"Немає РЦ")) -> В межах
A12: ='06A_Варіанти'!A3 -> BASE_3 | B12: ='06A_Варіанти'!B3 -> TT_3 | C12: ='06A_Варіанти'!D3 -> Основний | D12: ='06A_Варіанти'!C3 -> РЦП | E12: ='06A_Варіанти'!S3 -> DIRECT | F12: =IF(O12='06A_Варіанти'!E3,'06A_Варіанти'!E$1,IF(O12='06A_Варіанти'!F3,'06A_Варіанти'!F$1,IF(O12='06A_Варіанти'!G3,'06A_Варіанти'!G$1,IF(O12='06A_Варіанти'!H3,'06A_Варіанти'!H$1,IF(O12='06A_Варіанти'!I3,'06A_Варіанти'!I$1,IF(O12='06A_Варіанти'!J3,'06A_Варіанти'!J$1,IF(O12='06A_Варіанти'!K3,'06A_Варіанти'!K$1,IF(O12='06A_Варіанти'!L3,'06A_Варіанти'!L$1,IF(O12='06A_Варіанти'!M3,'06A_Варіанти'!M$1,IF(O12='06A_Варіанти'!N3,'06A_Варіанти'!N$1,IF(O12='06A_Варіанти'!O3,'06A_Варіанти'!O$1,IF(O12='06A_Варіанти'!P3,'06A_Варіанти'!P$1,IF(O12='06A_Варіанти'!Q3,'06A_Варіанти'!Q$1,IF(O12='06A_Варіанти'!R3,'06A_Варіанти'!R$1,"НЕМАЄ МАРШРУТУ")))))))))))))) -> DIRECT | G12: =IF(O12>1E+90,"НЕМАЄ МАРШРУТУ",IF(F12=E12,"БЕЗ ЗМІН","ЗМІНЕНО")) -> БЕЗ ЗМІН | H12: =IF(G12="НЕМАЄ МАРШРУТУ",0,O12-'06A_Варіанти'!T3) -> 0 | I12: =IFERROR(INDEX('04_Потоки'!$E:$E,MATCH(A12,'04_Потоки'!$A:$A,0)),0) -> 1.8505361 | J12: =ROUNDUP(I12/20,0) -> 1 | K12: =IF(C12="РЦК макси",0,2*'06A_Варіанти'!T3*J12) -> 260.2 | L12: =IF(C12="РЦК макси",0,IF(G12="НЕМАЄ МАРШРУТУ",0,2*O12*J12)) -> 260.2 | M12: =L12-K12 -> 0 | N12: =IFERROR(M12/K12,0) -> 0 | O12: =MIN(IF('07A_Конструктор'!$D$5="Так",'06A_Варіанти'!E3,1E+99),IF('07A_Конструктор'!$D$6="Так",'06A_Варіанти'!F3,1E+99),IF('07A_Конструктор'!$D$7="Так",'06A_Варіанти'!G3,1E+99),IF('07A_Конструктор'!$D$8="Так",'06A_Варіанти'!H3,1E+99),IF('07A_Конструктор'!$D$9="Так",'06A_Варіанти'!I3,1E+99),IF('07A_Конструктор'!$D$10="Так",'06A_Варіанти'!J3,1E+99),IF('07A_Конструктор'!$D$11="Так",'06A_Варіанти'!K3,1E+99),IF('07A_Конструктор'!$D$12="Так",'06A_Варіанти'!L3,1E+99),IF('07A_Конструктор'!$D$13="Так",'06A_Варіанти'!M3,1E+99),IF('07A_Конструктор'!$D$14="Так",'06A_Варіанти'!N3,1E+99),IF('07A_Конструктор'!$D$15="Так",'06A_Варіанти'!O3,1E+99),IF('07A_Конструктор'!$D$16="Так",'06A_Варіанти'!P3,1E+99),IF('07A_Конструктор'!$D$17="Так",'06A_Варіанти'!Q3,1E+99),IF('06A_Варіанти'!R3="",1E+99,'06A_Варіанти'!R3)) -> 130.1 | P12: =IF(C12="РЦК макси","Не моделюється",IF(MOD(I12,20)=0,"10 т",IF(MOD(I12,20)<=14,"5 т",IF(MOD(I12,20)<=16,"7 т","10 т")))) -> 5 т | Q12: =IF(P12="Не моделюється",0,IF(P12="5 т",14,IF(P12="7 т",16,20))) -> 14 | R12: =IF(OR(C12="РЦК макси",C12="РЦЧ SKU"),"SKU-потік",IFERROR(VLOOKUP(D12,'02_РЦ'!$A$3:$I$7,5,FALSE),0)) -> 800 | S12: =IF(OR(C12="РЦК макси",C12="РЦЧ SKU"),"Не рахується в ліміт",IFERROR(VLOOKUP(D12,'02_РЦ'!$A$3:$I$7,9,FALSE),"Немає РЦ")) -> В межах
A13: ='06A_Варіанти'!A4 -> BASE_503 | B13: ='06A_Варіанти'!B4 -> TT_503 | C13: ='06A_Варіанти'!D4 -> Основний | D13: ='06A_Варіанти'!C4 -> РЦП | E13: ='06A_Варіанти'!S4 -> DIRECT | F13: =IF(O13='06A_Варіанти'!E4,'06A_Варіанти'!E$1,IF(O13='06A_Варіанти'!F4,'06A_Варіанти'!F$1,IF(O13='06A_Варіанти'!G4,'06A_Варіанти'!G$1,IF(O13='06A_Варіанти'!H4,'06A_Варіанти'!H$1,IF(O13='06A_Варіанти'!I4,'06A_Варіанти'!I$1,IF(O13='06A_Варіанти'!J4,'06A_Варіанти'!J$1,IF(O13='06A_Варіанти'!K4,'06A_Варіанти'!K$1,IF(O13='06A_Варіанти'!L4,'06A_Варіанти'!L$1,IF(O13='06A_Варіанти'!M4,'06A_Варіанти'!M$1,IF(O13='06A_Варіанти'!N4,'06A_Варіанти'!N$1,IF(O13='06A_Варіанти'!O4,'06A_Варіанти'!O$1,IF(O13='06A_Варіанти'!P4,'06A_Варіанти'!P$1,IF(O13='06A_Варіанти'!Q4,'06A_Варіанти'!Q$1,IF(O13='06A_Варіанти'!R4,'06A_Варіанти'!R$1,"НЕМАЄ МАРШРУТУ")))))))))))))) -> DIRECT | G13: =IF(O13>1E+90,"НЕМАЄ МАРШРУТУ",IF(F13=E13,"БЕЗ ЗМІН","ЗМІНЕНО")) -> БЕЗ ЗМІН | H13: =IF(G13="НЕМАЄ МАРШРУТУ",0,O13-'06A_Варіанти'!T4) -> 0 | I13: =IFERROR(INDEX('04_Потоки'!$E:$E,MATCH(A13,'04_Потоки'!$A:$A,0)),0) -> 1.8505361 | J13: =ROUNDUP(I13/20,0) -> 1 | K13: =IF(C13="РЦК макси",0,2*'06A_Варіанти'!T4*J13) -> 301.6 | L13: =IF(C13="РЦК макси",0,IF(G13="НЕМАЄ МАРШРУТУ",0,2*O13*J13)) -> 301.6 | M13: =L13-K13 -> 0 | N13: =IFERROR(M13/K13,0) -> 0 | O13: =MIN(IF('07A_Конструктор'!$D$5="Так",'06A_Варіанти'!E4,1E+99),IF('07A_Конструктор'!$D$6="Так",'06A_Варіанти'!F4,1E+99),IF('07A_Конструктор'!$D$7="Так",'06A_Варіанти'!G4,1E+99),IF('07A_Конструктор'!$D$8="Так",'06A_Варіанти'!H4,1E+99),IF('07A_Конструктор'!$D$9="Так",'06A_Варіанти'!I4,1E+99),IF('07A_Конструктор'!$D$10="Так",'06A_Варіанти'!J4,1E+99),IF('07A_Конструктор'!$D$11="Так",'06A_Варіанти'!K4,1E+99),IF('07A_Конструктор'!$D$12="Так",'06A_Варіанти'!L4,1E+99),IF('07A_Конструктор'!$D$13="Так",'06A_Варіанти'!M4,1E+99),IF('07A_Конструктор'!$D$14="Так",'06A_Варіанти'!N4,1E+99),IF('07A_Конструктор'!$D$15="Так",'06A_Варіанти'!O4,1E+99),IF('07A_Конструктор'!$D$16="Так",'06A_Варіанти'!P4,1E+99),IF('07A_Конструктор'!$D$17="Так",'06A_Варіанти'!Q4,1E+99),IF('06A_Варіанти'!R4="",1E+99,'06A_Варіанти'!R4)) -> 150.8 | P13: =IF(C13="РЦК макси","Не моделюється",IF(MOD(I13,20)=0,"10 т",IF(MOD(I13,20)<=14,"5 т",IF(MOD(I13,20)<=16,"7 т","10 т")))) -> 5 т | Q13: =IF(P13="Не моделюється",0,IF(P13="5 т",14,IF(P13="7 т",16,20))) -> 14 | R13: =IF(OR(C13="РЦК макси",C13="РЦЧ SKU"),"SKU-потік",IFERROR(VLOOKUP(D13,'02_РЦ'!$A$3:$I$7,5,FALSE),0)) -> 800 | S13: =IF(OR(C13="РЦК макси",C13="РЦЧ SKU"),"Не рахується в ліміт",IFERROR(VLOOKUP(D13,'02_РЦ'!$A$3:$I$7,9,FALSE),"Немає РЦ")) -> В межах
A14: ='06A_Варіанти'!A5 -> BASE_515 | B14: ='06A_Варіанти'!B5 -> TT_515 | C14: ='06A_Варіанти'!D5 -> Основний | D14: ='06A_Варіанти'!C5 -> РЦП | E14: ='06A_Варіанти'!S5 -> KAM_HPP | F14: =IF(O14='06A_Варіанти'!E5,'06A_Варіанти'!E$1,IF(O14='06A_Варіанти'!F5,'06A_Варіанти'!F$1,IF(O14='06A_Варіанти'!G5,'06A_Варіанти'!G$1,IF(O14='06A_Варіанти'!H5,'06A_Варіанти'!H$1,IF(O14='06A_Варіанти'!I5,'06A_Варіанти'!I$1,IF(O14='06A_Варіанти'!J5,'06A_Варіанти'!J$1,IF(O14='06A_Варіанти'!K5,'06A_Варіанти'!K$1,IF(O14='06A_Варіанти'!L5,'06A_Варіанти'!L$1,IF(O14='06A_Варіанти'!M5,'06A_Варіанти'!M$1,IF(O14='06A_Варіанти'!N5,'06A_Варіанти'!N$1,IF(O14='06A_Варіанти'!O5,'06A_Варіанти'!O$1,IF(O14='06A_Варіанти'!P5,'06A_Варіанти'!P$1,IF(O14='06A_Варіанти'!Q5,'06A_Варіанти'!Q$1,IF(O14='06A_Варіанти'!R5,'06A_Варіанти'!R$1,"НЕМАЄ МАРШРУТУ")))))))))))))) -> KAM_HPP | G14: =IF(O14>1E+90,"НЕМАЄ МАРШРУТУ",IF(F14=E14,"БЕЗ ЗМІН","ЗМІНЕНО")) -> БЕЗ ЗМІН | H14: =IF(G14="НЕМАЄ МАРШРУТУ",0,O14-'06A_Варіанти'!T5) -> 0 | I14: =IFERROR(INDEX('04_Потоки'!$E:$E,MATCH(A14,'04_Потоки'!$A:$A,0)),0) -> 1.8505361 | J14: =ROUNDUP(I14/20,0) -> 1 | K14: =IF(C14="РЦК макси",0,2*'06A_Варіанти'!T5*J14) -> 465.6 | L14: =IF(C14="РЦК макси",0,IF(G14="НЕМАЄ МАРШРУТУ",0,2*O14*J14)) -> 465.6 | M14: =L14-K14 -> 0 | N14: =IFERROR(M14/K14,0) -> 0 | O14: =MIN(IF('07A_Конструктор'!$D$5="Так",'06A_Варіанти'!E5,1E+99),IF('07A_Конструктор'!$D$6="Так",'06A_Варіанти'!F5,1E+99),IF('07A_Конструктор'!$D$7="Так",'06A_Варіанти'!G5,1E+99),IF('07A_Конструктор'!$D$8="Так",'06A_Варіанти'!H5,1E+99),IF('07A_Конструктор'!$D$9="Так",'06A_Варіанти'!I5,1E+99),IF('07A_Конструктор'!$D$10="Так",'06A_Варіанти'!J5,1E+99),IF('07A_Конструктор'!$D$11="Так",'06A_Варіанти'!K5,1E+99),IF('07A_Конструктор'!$D$12="Так",'06A_Варіанти'!L5,1E+99),IF('07A_Конструктор'!$D$13="Так",'06A_Варіанти'!M5,1E+99),IF('07A_Конструктор'!$D$14="Так",'06A_Варіанти'!N5,1E+99),IF('07A_Конструктор'!$D$15="Так",'06A_Варіанти'!O5,1E+99),IF('07A_Конструктор'!$D$16="Так",'06A_Варіанти'!P5,1E+99),IF('07A_Конструктор'!$D$17="Так",'06A_Варіанти'!Q5,1E+99),IF('06A_Варіанти'!R5="",1E+99,'06A_Варіанти'!R5)) -> 232.8 | P14: =IF(C14="РЦК макси","Не моделюється",IF(MOD(I14,20)=0,"10 т",IF(MOD(I14,20)<=14,"5 т",IF(MOD(I14,20)<=16,"7 т","10 т")))) -> 5 т | Q14: =IF(P14="Не моделюється",0,IF(P14="5 т",14,IF(P14="7 т",16,20))) -> 14 | R14: =IF(OR(C14="РЦК макси",C14="РЦЧ SKU"),"SKU-потік",IFERROR(VLOOKUP(D14,'02_РЦ'!$A$3:$I$7,5,FALSE),0)) -> 800 | S14: =IF(OR(C14="РЦК макси",C14="РЦЧ SKU"),"Не рахується в ліміт",IFERROR(VLOOKUP(D14,'02_РЦ'!$A$3:$I$7,9,FALSE),"Немає РЦ")) -> В межах
A15: ='06A_Варіанти'!A6 -> BASE_178 | B15: ='06A_Варіанти'!B6 -> TT_178 | C15: ='06A_Варіанти'!D6 -> Основний | D15: ='06A_Варіанти'!C6 -> РЦП | E15: ='06A_Варіанти'!S6 -> DNI_AMUR | F15: =IF(O15='06A_Варіанти'!E6,'06A_Варіанти'!E$1,IF(O15='06A_Варіанти'!F6,'06A_Варіанти'!F$1,IF(O15='06A_Варіанти'!G6,'06A_Варіанти'!G$1,IF(O15='06A_Варіанти'!H6,'06A_Варіанти'!H$1,IF(O15='06A_Варіанти'!I6,'06A_Варіанти'!I$1,IF(O15='06A_Варіанти'!J6,'06A_Варіанти'!J$1,IF(O15='06A_Варіанти'!K6,'06A_Варіанти'!K$1,IF(O15='06A_Варіанти'!L6,'06A_Варіанти'!L$1,IF(O15='06A_Варіанти'!M6,'06A_Варіанти'!M$1,IF(O15='06A_Варіанти'!N6,'06A_Варіанти'!N$1,IF(O15='06A_Варіанти'!O6,'06A_Варіанти'!O$1,IF(O15='06A_Варіанти'!P6,'06A_Варіанти'!P$1,IF(O15='06A_Варіанти'!Q6,'06A_Варіанти'!Q$1,IF(O15='06A_Варіанти'!R6,'06A_Варіанти'!R$1,"НЕМАЄ МАРШРУТУ")))))))))))))) -> DNI_AMUR | G15: =IF(O15>1E+90,"НЕМАЄ МАРШРУТУ",IF(F15=E15,"БЕЗ ЗМІН","ЗМІНЕНО")) -> БЕЗ ЗМІН | H15: =IF(G15="НЕМАЄ МАРШРУТУ",0,O15-'06A_Варіанти'!T6) -> 0 | I15: =IFERROR(INDEX('04_Потоки'!$E:$E,MATCH(A15,'04_Потоки'!$A:$A,0)),0) -> 1.8505361 | J15: =ROUNDUP(I15/20,0) -> 1 | K15: =IF(C15="РЦК макси",0,2*'06A_Варіанти'!T6*J15) -> 469 | L15: =IF(C15="РЦК макси",0,IF(G15="НЕМАЄ МАРШРУТУ",0,2*O15*J15)) -> 469 | M15: =L15-K15 -> 0 | N15: =IFERROR(M15/K15,0) -> 0 | O15: =MIN(IF('07A_Конструктор'!$D$5="Так",'06A_Варіанти'!E6,1E+99),IF('07A_Конструктор'!$D$6="Так",'06A_Варіанти'!F6,1E+99),IF('07A_Конструктор'!$D$7="Так",'06A_Варіанти'!G6,1E+99),IF('07A_Конструктор'!$D$8="Так",'06A_Варіанти'!H6,1E+99),IF('07A_Конструктор'!$D$9="Так",'06A_Варіанти'!I6,1E+99),IF('07A_Конструктор'!$D$10="Так",'06A_Варіанти'!J6,1E+99),IF('07A_Конструктор'!$D$11="Так",'06A_Варіанти'!K6,1E+99),IF('07A_Конструктор'!$D$12="Так",'06A_Варіанти'!L6,1E+99),IF('07A_Конструктор'!$D$13="Так",'06A_Варіанти'!M6,1E+99),IF('07A_Конструктор'!$D$14="Так",'06A_Варіанти'!N6,1E+99),IF('07A_Конструктор'!$D$15="Так",'06A_Варіанти'!O6,1E+99),IF('07A_Конструктор'!$D$16="Так",'06A_Варіанти'!P6,1E+99),IF('07A_Конструктор'!$D$17="Так",'06A_Варіанти'!Q6,1E+99),IF('06A_Варіанти'!R6="",1E+99,'06A_Варіанти'!R6)) -> 234.5 | P15: =IF(C15="РЦК макси","Не моделюється",IF(MOD(I15,20)=0,"10 т",IF(MOD(I15,20)<=14,"5 т",IF(MOD(I15,20)<=16,"7 т","10 т")))) -> 5 т | Q15: =IF(P15="Не моделюється",0,IF(P15="5 т",14,IF(P15="7 т",16,20))) -> 14 | R15: =IF(OR(C15="РЦК макси",C15="РЦЧ SKU"),"SKU-потік",IFERROR(VLOOKUP(D15,'02_РЦ'!$A$3:$I$7,5,FALSE),0)) -> 800 | S15: =IF(OR(C15="РЦК макси",C15="РЦЧ SKU"),"Не рахується в ліміт",IFERROR(VLOOKUP(D15,'02_РЦ'!$A$3:$I$7,9,FALSE),"Немає РЦ")) -> В межах
A16: ='06A_Варіанти'!A7 -> BASE_489 | B16: ='06A_Варіанти'!B7 -> TT_489 | C16: ='06A_Варіанти'!D7 -> Основний | D16: ='06A_Варіанти'!C7 -> РЦП | E16: ='06A_Варіанти'!S7 -> DIRECT | F16: =IF(O16='06A_Варіанти'!E7,'06A_Варіанти'!E$1,IF(O16='06A_Варіанти'!F7,'06A_Варіанти'!F$1,IF(O16='06A_Варіанти'!G7,'06A_Варіанти'!G$1,IF(O16='06A_Варіанти'!H7,'06A_Варіанти'!H$1,IF(O16='06A_Варіанти'!I7,'06A_Варіанти'!I$1,IF(O16='06A_Варіанти'!J7,'06A_Варіанти'!J$1,IF(O16='06A_Варіанти'!K7,'06A_Варіанти'!K$1,IF(O16='06A_Варіанти'!L7,'06A_Варіанти'!L$1,IF(O16='06A_Варіанти'!M7,'06A_Варіанти'!M$1,IF(O16='06A_Варіанти'!N7,'06A_Варіанти'!N$1,IF(O16='06A_Варіанти'!O7,'06A_Варіанти'!O$1,IF(O16='06A_Варіанти'!P7,'06A_Варіанти'!P$1,IF(O16='06A_Варіанти'!Q7,'06A_Варіанти'!Q$1,IF(O16='06A_Варіанти'!R7,'06A_Варіанти'!R$1,"НЕМАЄ МАРШРУТУ")))))))))))))) -> DIRECT | G16: =IF(O16>1E+90,"НЕМАЄ МАРШРУТУ",IF(F16=E16,"БЕЗ ЗМІН","ЗМІНЕНО")) -> БЕЗ ЗМІН | H16: =IF(G16="НЕМАЄ МАРШРУТУ",0,O16-'06A_Варіанти'!T7) -> 0 | I16: =IFERROR(INDEX('04_Потоки'!$E:$E,MATCH(A16,'04_Потоки'!$A:$A,0)),0) -> 1.8505361 | J16: =ROUNDUP(I16/20,0) -> 1 | K16: =IF(C16="РЦК макси",0,2*'06A_Варіанти'!T7*J16) -> 369.8 | L16: =IF(C16="РЦК макси",0,IF(G16="НЕМАЄ МАРШРУТУ",0,2*O16*J16)) -> 369.8 | M16: =L16-K16 -> 0 | N16: =IFERROR(M16/K16,0) -> 0 | O16: =MIN(IF('07A_Конструктор'!$D$5="Так",'06A_Варіанти'!E7,1E+99),IF('07A_Конструктор'!$D$6="Так",'06A_Варіанти'!F7,1E+99),IF('07A_Конструктор'!$D$7="Так",'06A_Варіанти'!G7,1E+99),IF('07A_Конструктор'!$D$8="Так",'06A_Варіанти'!H7,1E+99),IF('07A_Конструктор'!$D$9="Так",'06A_Варіанти'!I7,1E+99),IF('07A_Конструктор'!$D$10="Так",'06A_Варіанти'!J7,1E+99),IF('07A_Конструктор'!$D$11="Так",'06A_Варіанти'!K7,1E+99),IF('07A_Конструктор'!$D$12="Так",'06A_Варіанти'!L7,1E+99),IF('07A_Конструктор'!$D$13="Так",'06A_Варіанти'!M7,1E+99),IF('07A_Конструктор'!$D$14="Так",'06A_Варіанти'!N7,1E+99),IF('07A_Конструктор'!$D$15="Так",'06A_Варіанти'!O7,1E+99),IF('07A_Конструктор'!$D$16="Так",'06A_Варіанти'!P7,1E+99),IF('07A_Конструктор'!$D$17="Так",'06A_Варіанти'!Q7,1E+99),IF('06A_Варіанти'!R7="",1E+99,'06A_Варіанти'!R7)) -> 184.9 | P16: =IF(C16="РЦК макси","Не моделюється",IF(MOD(I16,20)=0,"10 т",IF(MOD(I16,20)<=14,"5 т",IF(MOD(I16,20)<=16,"7 т","10 т")))) -> 5 т | Q16: =IF(P16="Не моделюється",0,IF(P16="5 т",14,IF(P16="7 т",16,20))) -> 14 | R16: =IF(OR(C16="РЦК макси",C16="РЦЧ SKU"),"SKU-потік",IFERROR(VLOOKUP(D16,'02_РЦ'!$A$3:$I$7,5,FALSE),0)) -> 800 | S16: =IF(OR(C16="РЦК макси",C16="РЦЧ SKU"),"Не рахується в ліміт",IFERROR(VLOOKUP(D16,'02_РЦ'!$A$3:$I$7,9,FALSE),"Немає РЦ")) -> В межах
A17: ='06A_Варіанти'!A8 -> BASE_185 | B17: ='06A_Варіанти'!B8 -> TT_185 | C17: ='06A_Варіанти'!D8 -> Основний | D17: ='06A_Варіанти'!C8 -> РЦП | E17: ='06A_Варіанти'!S8 -> DIRECT | F17: =IF(O17='06A_Варіанти'!E8,'06A_Варіанти'!E$1,IF(O17='06A_Варіанти'!F8,'06A_Варіанти'!F$1,IF(O17='06A_Варіанти'!G8,'06A_Варіанти'!G$1,IF(O17='06A_Варіанти'!H8,'06A_Варіанти'!H$1,IF(O17='06A_Варіанти'!I8,'06A_Варіанти'!I$1,IF(O17='06A_Варіанти'!J8,'06A_Варіанти'!J$1,IF(O17='06A_Варіанти'!K8,'06A_Варіанти'!K$1,IF(O17='06A_Варіанти'!L8,'06A_Варіанти'!L$1,IF(O17='06A_Варіанти'!M8,'06A_Варіанти'!M$1,IF(O17='06A_Варіанти'!N8,'06A_Варіанти'!N$1,IF(O17='06A_Варіанти'!O8,'06A_Варіанти'!O$1,IF(O17='06A_Варіанти'!P8,'06A_Варіанти'!P$1,IF(O17='06A_Варіанти'!Q8,'06A_Варіанти'!Q$1,IF(O17='06A_Варіанти'!R8,'06A_Варіанти'!R$1,"НЕМАЄ МАРШРУТУ")))))))))))))) -> DIRECT | G17: =IF(O17>1E+90,"НЕМАЄ МАРШРУТУ",IF(F17=E17,"БЕЗ ЗМІН","ЗМІНЕНО")) -> БЕЗ ЗМІН | H17: =IF(G17="НЕМАЄ МАРШРУТУ",0,O17-'06A_Варіанти'!T8) -> 0 | I17: =IFERROR(INDEX('04_Потоки'!$E:$E,MATCH(A17,'04_Потоки'!$A:$A,0)),0) -> 1.8505361 | J17: =ROUNDUP(I17/20,0) -> 1 | K17: =IF(C17="РЦК макси",0,2*'06A_Варіанти'!T8*J17) -> 452.6 | L17: =IF(C17="РЦК макси",0,IF(G17="НЕМАЄ МАРШРУТУ",0,2*O17*J17)) -> 452.6 | M17: =L17-K17 -> 0 | N17: =IFERROR(M17/K17,0) -> 0 | O17: =MIN(IF('07A_Конструктор'!$D$5="Так",'06A_Варіанти'!E8,1E+99),IF('07A_Конструктор'!$D$6="Так",'06A_Варіанти'!F8,1E+99),IF('07A_Конструктор'!$D$7="Так",'06A_Варіанти'!G8,1E+99),IF('07A_Конструктор'!$D$8="Так",'06A_Варіанти'!H8,1E+99),IF('07A_Конструктор'!$D$9="Так",'06A_Варіанти'!I8,1E+99),IF('07A_Конструктор'!$D$10="Так",'06A_Варіанти'!J8,1E+99),IF('07A_Конструктор'!$D$11="Так",'06A_Варіанти'!K8,1E+99),IF('07A_Конструктор'!$D$12="Так",'06A_Варіанти'!L8,1E+99),IF('07A_Конструктор'!$D$13="Так",'06A_Варіанти'!M8,1E+99),IF('07A_Конструктор'!$D$14="Так",'06A_Варіанти'!N8,1E+99),IF('07A_Конструктор'!$D$15="Так",'06A_Варіанти'!O8,1E+99),IF('07A_Конструктор'!$D$16="Так",'06A_Варіанти'!P8,1E+99),IF('07A_Конструктор'!$D$17="Так",'06A_Варіанти'!Q8,1E+99),IF('06A_Варіанти'!R8="",1E+99,'06A_Варіанти'!R8)) -> 226.3 | P17: =IF(C17="РЦК макси","Не моделюється",IF(MOD(I17,20)=0,"10 т",IF(MOD(I17,20)<=14,"5 т",IF(MOD(I17,20)<=16,"7 т","10 т")))) -> 5 т | Q17: =IF(P17="Не моделюється",0,IF(P17="5 т",14,IF(P17="7 т",16,20))) -> 14 | R17: =IF(OR(C17="РЦК макси",C17="РЦЧ SKU"),"SKU-потік",IFERROR(VLOOKUP(D17,'02_РЦ'!$A$3:$I$7,5,FALSE),0)) -> 800 | S17: =IF(OR(C17="РЦК макси",C17="РЦЧ SKU"),"Не рахується в ліміт",IFERROR(VLOOKUP(D17,'02_РЦ'!$A$3:$I$7,9,FALSE),"Немає РЦ")) -> В межах
A18: ='06A_Варіанти'!A9 -> BASE_518 | B18: ='06A_Варіанти'!B9 -> TT_518 | C18: ='06A_Варіанти'!D9 -> Основний | D18: ='06A_Варіанти'!C9 -> РЦП | E18: ='06A_Варіанти'!S9 -> DIRECT | F18: =IF(O18='06A_Варіанти'!E9,'06A_Варіанти'!E$1,IF(O18='06A_Варіанти'!F9,'06A_Варіанти'!F$1,IF(O18='06A_Варіанти'!G9,'06A_Варіанти'!G$1,IF(O18='06A_Варіанти'!H9,'06A_Варіанти'!H$1,IF(O18='06A_Варіанти'!I9,'06A_Варіанти'!I$1,IF(O18='06A_Варіанти'!J9,'06A_Варіанти'!J$1,IF(O18='06A_Варіанти'!K9,'06A_Варіанти'!K$1,IF(O18='06A_Варіанти'!L9,'06A_Варіанти'!L$1,IF(O18='06A_Варіанти'!M9,'06A_Варіанти'!M$1,IF(O18='06A_Варіанти'!N9,'06A_Варіанти'!N$1,IF(O18='06A_Варіанти'!O9,'06A_Варіанти'!O$1,IF(O18='06A_Варіанти'!P9,'06A_Варіанти'!P$1,IF(O18='06A_Варіанти'!Q9,'06A_Варіанти'!Q$1,IF(O18='06A_Варіанти'!R9,'06A_Варіанти'!R$1,"НЕМАЄ МАРШРУТУ")))))))))))))) -> DIRECT | G18: =IF(O18>1E+90,"НЕМАЄ МАРШРУТУ",IF(F18=E18,"БЕЗ ЗМІН","ЗМІНЕНО")) -> БЕЗ ЗМІН | H18: =IF(G18="НЕМАЄ МАРШРУТУ",0,O18-'06A_Варіанти'!T9) -> 0 | I18: =IFERROR(INDEX('04_Потоки'!$E:$E,MATCH(A18,'04_Потоки'!$A:$A,0)),0) -> 1.8505361 | J18: =ROUNDUP(I18/20,0) -> 1 | K18: =IF(C18="РЦК макси",0,2*'06A_Варіанти'!T9*J18) -> 337.8 | L18: =IF(C18="РЦК макси",0,IF(G18="НЕМАЄ МАРШРУТУ",0,2*O18*J18)) -> 337.8 | M18: =L18-K18 -> 0 | N18: =IFERROR(M18/K18,0) -> 0 | O18: =MIN(IF('07A_Конструктор'!$D$5="Так",'06A_Варіанти'!E9,1E+99),IF('07A_Конструктор'!$D$6="Так",'06A_Варіанти'!F9,1E+99),IF('07A_Конструктор'!$D$7="Так",'06A_Варіанти'!G9,1E+99),IF('07A_Конструктор'!$D$8="Так",'06A_Варіанти'!H9,1E+99),IF('07A_Конструктор'!$D$9="Так",'06A_Варіанти'!I9,1E+99),IF('07A_Конструктор'!$D$10="Так",'06A_Варіанти'!J9,1E+99),IF('07A_Конструктор'!$D$11="Так",'06A_Варіанти'!K9,1E+99),IF('07A_Конструктор'!$D$12="Так",'06A_Варіанти'!L9,1E+99),IF('07A_Конструктор'!$D$13="Так",'06A_Варіанти'!M9,1E+99),IF('07A_Конструктор'!$D$14="Так",'06A_Варіанти'!N9,1E+99),IF('07A_Конструктор'!$D$15="Так",'06A_Варіанти'!O9,1E+99),IF('07A_Конструктор'!$D$16="Так",'06A_Варіанти'!P9,1E+99),IF('07A_Конструктор'!$D$17="Так",'06A_Варіанти'!Q9,1E+99),IF('06A_Варіанти'!R9="",1E+99,'06A_Варіанти'!R9)) -> 168.9 | P18: =IF(C18="РЦК макси","Не моделюється",IF(MOD(I18,20)=0,"10 т",IF(MOD(I18,20)<=14,"5 т",IF(MOD(I18,20)<=16,"7 т","10 т")))) -> 5 т | Q18: =IF(P18="Не моделюється",0,IF(P18="5 т",14,IF(P18="7 т",16,20))) -> 14 | R18: =IF(OR(C18="РЦК макси",C18="РЦЧ SKU"),"SKU-потік",IFERROR(VLOOKUP(D18,'02_РЦ'!$A$3:$I$7,5,FALSE),0)) -> 800 | S18: =IF(OR(C18="РЦК макси",C18="РЦЧ SKU"),"Не рахується в ліміт",IFERROR(VLOOKUP(D18,'02_РЦ'!$A$3:$I$7,9,FALSE),"Немає РЦ")) -> В межах
A19: ='06A_Варіанти'!A10 -> BASE_519 | B19: ='06A_Варіанти'!B10 -> TT_519 | C19: ='06A_Варіанти'!D10 -> Основний | D19: ='06A_Варіанти'!C10 -> РЦП | E19: ='06A_Варіанти'!S10 -> DIRECT | F19: =IF(O19='06A_Варіанти'!E10,'06A_Варіанти'!E$1,IF(O19='06A_Варіанти'!F10,'06A_Варіанти'!F$1,IF(O19='06A_Варіанти'!G10,'06A_Варіанти'!G$1,IF(O19='06A_Варіанти'!H10,'06A_Варіанти'!H$1,IF(O19='06A_Варіанти'!I10,'06A_Варіанти'!I$1,IF(O19='06A_Варіанти'!J10,'06A_Варіанти'!J$1,IF(O19='06A_Варіанти'!K10,'06A_Варіанти'!K$1,IF(O19='06A_Варіанти'!L10,'06A_Варіанти'!L$1,IF(O19='06A_Варіанти'!M10,'06A_Варіанти'!M$1,IF(O19='06A_Варіанти'!N10,'06A_Варіанти'!N$1,IF(O19='06A_Варіанти'!O10,'06A_Варіанти'!O$1,IF(O19='06A_Варіанти'!P10,'06A_Варіанти'!P$1,IF(O19='06A_Варіанти'!Q10,'06A_Варіанти'!Q$1,IF(O19='06A_Варіанти'!R10,'06A_Варіанти'!R$1,"НЕМАЄ МАРШРУТУ")))))))))))))) -> DIRECT | G19: =IF(O19>1E+90,"НЕМАЄ МАРШРУТУ",IF(F19=E19,"БЕЗ ЗМІН","ЗМІНЕНО")) -> БЕЗ ЗМІН | H19: =IF(G19="НЕМАЄ МАРШРУТУ",0,O19-'06A_Варіанти'!T10) -> 0 | I19: =IFERROR(INDEX('04_Потоки'!$E:$E,MATCH(A19,'04_Потоки'!$A:$A,0)),0) -> 1.8505361 | J19: =ROUNDUP(I19/20,0) -> 1 | K19: =IF(C19="РЦК макси",0,2*'06A_Варіанти'!T10*J19) -> 325.4 | L19: =IF(C19="РЦК макси",0,IF(G19="НЕМАЄ МАРШРУТУ",0,2*O19*J19)) -> 325.4 | M19: =L19-K19 -> 0 | N19: =IFERROR(M19/K19,0) -> 0 | O19: =MIN(IF('07A_Конструктор'!$D$5="Так",'06A_Варіанти'!E10,1E+99),IF('07A_Конструктор'!$D$6="Так",'06A_Варіанти'!F10,1E+99),IF('07A_Конструктор'!$D$7="Так",'06A_Варіанти'!G10,1E+99),IF('07A_Конструктор'!$D$8="Так",'06A_Варіанти'!H10,1E+99),IF('07A_Конструктор'!$D$9="Так",'06A_Варіанти'!I10,1E+99),IF('07A_Конструктор'!$D$10="Так",'06A_Варіанти'!J10,1E+99),IF('07A_Конструктор'!$D$11="Так",'06A_Варіанти'!K10,1E+99),IF('07A_Конструктор'!$D$12="Так",'06A_Варіанти'!L10,1E+99),IF('07A_Конструктор'!$D$13="Так",'06A_Варіанти'!M10,1E+99),IF('07A_Конструктор'!$D$14="Так",'06A_Варіанти'!N10,1E+99),IF('07A_Конструктор'!$D$15="Так",'06A_Варіанти'!O10,1E+99),IF('07A_Конструктор'!$D$16="Так",'06A_Варіанти'!P10,1E+99),IF('07A_Конструктор'!$D$17="Так",'06A_Варіанти'!Q10,1E+99),IF('06A_Варіанти'!R10="",1E+99,'06A_Варіанти'!R10)) -> 162.7 | P19: =IF(C19="РЦК макси","Не моделюється",IF(MOD(I19,20)=0,"10 т",IF(MOD(I19,20)<=14,"5 т",IF(MOD(I19,20)<=16,"7 т","10 т")))) -> 5 т | Q19: =IF(P19="Не моделюється",0,IF(P19="5 т",14,IF(P19="7 т",16,20))) -> 14 | R19: =IF(OR(C19="РЦК макси",C19="РЦЧ SKU"),"SKU-потік",IFERROR(VLOOKUP(D19,'02_РЦ'!$A$3:$I$7,5,FALSE),0)) -> 800 | S19: =IF(OR(C19="РЦК макси",C19="РЦЧ SKU"),"Не рахується в ліміт",IFERROR(VLOOKUP(D19,'02_РЦ'!$A$3:$I$7,9,FALSE),"Немає РЦ")) -> В межах
A20: ='06A_Варіанти'!A11 -> BASE_5 | B20: ='06A_Варіанти'!B11 -> TT_5 | C20: ='06A_Варіанти'!D11 -> Основний | D20: ='06A_Варіанти'!C11 -> РЦП | E20: ='06A_Варіанти'!S11 -> DIRECT | F20: =IF(O20='06A_Варіанти'!E11,'06A_Варіанти'!E$1,IF(O20='06A_Варіанти'!F11,'06A_Варіанти'!F$1,IF(O20='06A_Варіанти'!G11,'06A_Варіанти'!G$1,IF(O20='06A_Варіанти'!H11,'06A_Варіанти'!H$1,IF(O20='06A_Варіанти'!I11,'06A_Варіанти'!I$1,IF(O20='06A_Варіанти'!J11,'06A_Варіанти'!J$1,IF(O20='06A_Варіанти'!K11,'06A_Варіанти'!K$1,IF(O20='06A_Варіанти'!L11,'06A_Варіанти'!L$1,IF(O20='06A_Варіанти'!M11,'06A_Варіанти'!M$1,IF(O20='06A_Варіанти'!N11,'06A_Варіанти'!N$1,IF(O20='06A_Варіанти'!O11,'06A_Варіанти'!O$1,IF(O20='06A_Варіанти'!P11,'06A_Варіанти'!P$1,IF(O20='06A_Варіанти'!Q11,'06A_Варіанти'!Q$1,IF(O20='06A_Варіанти'!R11,'06A_Варіанти'!R$1,"НЕМАЄ МАРШРУТУ")))))))))))))) -> DIRECT | G20: =IF(O20>1E+90,"НЕМАЄ МАРШРУТУ",IF(F20=E20,"БЕЗ ЗМІН","ЗМІНЕНО")) -> БЕЗ ЗМІН | H20: =IF(G20="НЕМАЄ МАРШРУТУ",0,O20-'06A_Варіанти'!T11) -> 0 | I20: =IFERROR(INDEX('04_Потоки'!$E:$E,MATCH(A20,'04_Потоки'!$A:$A,0)),0) -> 1.8505361 | J20: =ROUNDUP(I20/20,0) -> 1 | K20: =IF(C20="РЦК макси",0,2*'06A_Варіанти'!T11*J20) -> 370.2 | L20: =IF(C20="РЦК макси",0,IF(G20="НЕМАЄ МАРШРУТУ",0,2*O20*J20)) -> 370.2 | M20: =L20-K20 -> 0 | N20: =IFERROR(M20/K20,0) -> 0 | O20: =MIN(IF('07A_Конструктор'!$D$5="Так",'06A_Варіанти'!E11,1E+99),IF('07A_Конструктор'!$D$6="Так",'06A_Варіанти'!F11,1E+99),IF('07A_Конструктор'!$D$7="Так",'06A_Варіанти'!G11,1E+99),IF('07A_Конструктор'!$D$8="Так",'06A_Варіанти'!H11,1E+99),IF('07A_Конструктор'!$D$9="Так",'06A_Варіанти'!I11,1E+99),IF('07A_Конструктор'!$D$10="Так",'06A_Варіанти'!J11,1E+99),IF('07A_Конструктор'!$D$11="Так",'06A_Варіанти'!K11,1E+99),IF('07A_Конструктор'!$D$12="Так",'06A_Варіанти'!L11,1E+99),IF('07A_Конструктор'!$D$13="Так",'06A_Варіанти'!M11,1E+99),IF('07A_Конструктор'!$D$14="Так",'06A_Варіанти'!N11,1E+99),IF('07A_Конструктор'!$D$15="Так",'06A_Варіанти'!O11,1E+99),IF('07A_Конструктор'!$D$16="Так",'06A_Варіанти'!P11,1E+99),IF('07A_Конструктор'!$D$17="Так",'06A_Варіанти'!Q11,1E+99),IF('06A_Варіанти'!R11="",1E+99,'06A_Варіанти'!R11)) -> 185.1 | P20: =IF(C20="РЦК макси","Не моделюється",IF(MOD(I20,20)=0,"10 т",IF(MOD(I20,20)<=14,"5 т",IF(MOD(I20,20)<=16,"7 т","10 т")))) -> 5 т | Q20: =IF(P20="Не моделюється",0,IF(P20="5 т",14,IF(P20="7 т",16,20))) -> 14 | R20: =IF(OR(C20="РЦК макси",C20="РЦЧ SKU"),"SKU-потік",IFERROR(VLOOKUP(D20,'02_РЦ'!$A$3:$I$7,5,FALSE),0)) -> 800 | S20: =IF(OR(C20="РЦК макси",C20="РЦЧ SKU"),"Не рахується в ліміт",IFERROR(VLOOKUP(D20,'02_РЦ'!$A$3:$I$7,9,FALSE),"Немає РЦ")) -> В межах
A21: ='06A_Варіанти'!A12 -> BASE_7 | B21: ='06A_Варіанти'!B12 -> TT_7 | C21: ='06A_Варіанти'!D12 -> Основний | D21: ='06A_Варіанти'!C12 -> РЦП | E21: ='06A_Варіанти'!S12 -> KREM | F21: =IF(O21='06A_Варіанти'!E12,'06A_Варіанти'!E$1,IF(O21='06A_Варіанти'!F12,'06A_Варіанти'!F$1,IF(O21='06A_Варіанти'!G12,'06A_Варіанти'!G$1,IF(O21='06A_Варіанти'!H12,'06A_Варіанти'!H$1,IF(O21='06A_Варіанти'!I12,'06A_Варіанти'!I$1,IF(O21='06A_Варіанти'!J12,'06A_Варіанти'!J$1,IF(O21='06A_Варіанти'!K12,'06A_Варіанти'!K$1,IF(O21='06A_Варіанти'!L12,'06A_Варіанти'!L$1,IF(O21='06A_Варіанти'!M12,'06A_Варіанти'!M$1,IF(O21='06A_Варіанти'!N12,'06A_Варіанти'!N$1,IF(O21='06A_Варіанти'!O12,'06A_Варіанти'!O$1,IF(O21='06A_Варіанти'!P12,'06A_Варіанти'!P$1,IF(O21='06A_Варіанти'!Q12,'06A_Варіанти'!Q$1,IF(O21='06A_Варіанти'!R12,'06A_Варіанти'!R$1,"НЕМАЄ МАРШРУТУ")))))))))))))) -> KREM | G21: =IF(O21>1E+90,"НЕМАЄ МАРШРУТУ",IF(F21=E21,"БЕЗ ЗМІН","ЗМІНЕНО")) -> БЕЗ ЗМІН | H21: =IF(G21="НЕМАЄ МАРШРУТУ",0,O21-'06A_Варіанти'!T12) -> 0 | I21: =IFERROR(INDEX('04_Потоки'!$E:$E,MATCH(A21,'04_Потоки'!$A:$A,0)),0) -> 1.8505361 | J21: =ROUNDUP(I21/20,0) -> 1 | K21: =IF(C21="РЦК макси",0,2*'06A_Варіанти'!T12*J21) -> 232 | L21: =IF(C21="РЦК макси",0,IF(G21="НЕМАЄ МАРШРУТУ",0,2*O21*J21)) -> 232 | M21: =L21-K21 -> 0 | N21: =IFERROR(M21/K21,0) -> 0 | O21: =MIN(IF('07A_Конструктор'!$D$5="Так",'06A_Варіанти'!E12,1E+99),IF('07A_Конструктор'!$D$6="Так",'06A_Варіанти'!F12,1E+99),IF('07A_Конструктор'!$D$7="Так",'06A_Варіанти'!G12,1E+99),IF('07A_Конструктор'!$D$8="Так",'06A_Варіанти'!H12,1E+99),IF('07A_Конструктор'!$D$9="Так",'06A_Варіанти'!I12,1E+99),IF('07A_Конструктор'!$D$10="Так",'06A_Варіанти'!J12,1E+99),IF('07A_Конструктор'!$D$11="Так",'06A_Варіанти'!K12,1E+99),IF('07A_Конструктор'!$D$12="Так",'06A_Варіанти'!L12,1E+99),IF('07A_Конструктор'!$D$13="Так",'06A_Варіанти'!M12,1E+99),IF('07A_Конструктор'!$D$14="Так",'06A_Варіанти'!N12,1E+99),IF('07A_Конструктор'!$D$15="Так",'06A_Варіанти'!O12,1E+99),IF('07A_Конструктор'!$D$16="Так",'06A_Варіанти'!P12,1E+99),IF('07A_Конструктор'!$D$17="Так",'06A_Варіанти'!Q12,1E+99),IF('06A_Варіанти'!R12="",1E+99,'06A_Варіанти'!R12)) -> 116 | P21: =IF(C21="РЦК макси","Не моделюється",IF(MOD(I21,20)=0,"10 т",IF(MOD(I21,20)<=14,"5 т",IF(MOD(I21,20)<=16,"7 т","10 т")))) -> 5 т | Q21: =IF(P21="Не моделюється",0,IF(P21="5 т",14,IF(P21="7 т",16,20))) -> 14 | R21: =IF(OR(C21="РЦК макси",C21="РЦЧ SKU"),"SKU-потік",IFERROR(VLOOKUP(D21,'02_РЦ'!$A$3:$I$7,5,FALSE),0)) -> 800 | S21: =IF(OR(C21="РЦК макси",C21="РЦЧ SKU"),"Не рахується в ліміт",IFERROR(VLOOKUP(D21,'02_РЦ'!$A$3:$I$7,9,FALSE),"Немає РЦ")) -> В межах
A22: ='06A_Варіанти'!A13 -> BASE_9 | B22: ='06A_Варіанти'!B13 -> TT_9 | C22: ='06A_Варіанти'!D13 -> Основний | D22: ='06A_Варіанти'!C13 -> РЦП | E22: ='06A_Варіанти'!S13 -> DIRECT | F22: =IF(O22='06A_Варіанти'!E13,'06A_Варіанти'!E$1,IF(O22='06A_Варіанти'!F13,'06A_Варіанти'!F$1,IF(O22='06A_Варіанти'!G13,'06A_Варіанти'!G$1,IF(O22='06A_Варіанти'!H13,'06A_Варіанти'!H$1,IF(O22='06A_Варіанти'!I13,'06A_Варіанти'!I$1,IF(O22='06A_Варіанти'!J13,'06A_Варіанти'!J$1,IF(O22='06A_Варіанти'!K13,'06A_Варіанти'!K$1,IF(O22='06A_Варіанти'!L13,'06A_Варіанти'!L$1,IF(O22='06A_Варіанти'!M13,'06A_Варіанти'!M$1,IF(O22='06A_Варіанти'!N13,'06A_Варіанти'!N$1,IF(O22='06A_Варіанти'!O13,'06A_Варіанти'!O$1,IF(O22='06A_Варіанти'!P13,'06A_Варіанти'!P$1,IF(O22='06A_Варіанти'!Q13,'06A_Варіанти'!Q$1,IF(O22='06A_Варіанти'!R13,'06A_Варіанти'!R$1,"НЕМАЄ МАРШРУТУ")))))))))))))) -> DIRECT | G22: =IF(O22>1E+90,"НЕМАЄ МАРШРУТУ",IF(F22=E22,"БЕЗ ЗМІН","ЗМІНЕНО")) -> БЕЗ ЗМІН | H22: =IF(G22="НЕМАЄ МАРШРУТУ",0,O22-'06A_Варіанти'!T13) -> 0 | I22: =IFERROR(INDEX('04_Потоки'!$E:$E,MATCH(A22,'04_Потоки'!$A:$A,0)),0) -> 1.8505361 | J22: =ROUNDUP(I22/20,0) -> 1 | K22: =IF(C22="РЦК макси",0,2*'06A_Варіанти'!T13*J22) -> 11.6 | L22: =IF(C22="РЦК макси",0,IF(G22="НЕМАЄ МАРШРУТУ",0,2*O22*J22)) -> 11.6 | M22: =L22-K22 -> 0 | N22: =IFERROR(M22/K22,0) -> 0 | O22: =MIN(IF('07A_Конструктор'!$D$5="Так",'06A_Варіанти'!E13,1E+99),IF('07A_Конструктор'!$D$6="Так",'06A_Варіанти'!F13,1E+99),IF('07A_Конструктор'!$D$7="Так",'06A_Варіанти'!G13,1E+99),IF('07A_Конструктор'!$D$8="Так",'06A_Варіанти'!H13,1E+99),IF('07A_Конструктор'!$D$9="Так",'06A_Варіанти'!I13,1E+99),IF('07A_Конструктор'!$D$10="Так",'06A_Варіанти'!J13,1E+99),IF('07A_Конструктор'!$D$11="Так",'06A_Варіанти'!K13,1E+99),IF('07A_Конструктор'!$D$12="Так",'06A_Варіанти'!L13,1E+99),IF('07A_Конструктор'!$D$13="Так",'06A_Варіанти'!M13,1E+99),IF('07A_Конструктор'!$D$14="Так",'06A_Варіанти'!N13,1E+99),IF('07A_Конструктор'!$D$15="Так",'06A_Варіанти'!O13,1E+99),IF('07A_Конструктор'!$D$16="Так",'06A_Варіанти'!P13,1E+99),IF('07A_Конструктор'!$D$17="Так",'06A_Варіанти'!Q13,1E+99),IF('06A_Варіанти'!R13="",1E+99,'06A_Варіанти'!R13)) -> 5.8 | P22: =IF(C22="РЦК макси","Не моделюється",IF(MOD(I22,20)=0,"10 т",IF(MOD(I22,20)<=14,"5 т",IF(MOD(I22,20)<=16,"7 т","10 т")))) -> 5 т | Q22: =IF(P22="Не моделюється",0,IF(P22="5 т",14,IF(P22="7 т",16,20))) -> 14 | R22: =IF(OR(C22="РЦК макси",C22="РЦЧ SKU"),"SKU-потік",IFERROR(VLOOKUP(D22,'02_РЦ'!$A$3:$I$7,5,FALSE),0)) -> 800 | S22: =IF(OR(C22="РЦК макси",C22="РЦЧ SKU"),"Не рахується в ліміт",IFERROR(VLOOKUP(D22,'02_РЦ'!$A$3:$I$7,9,FALSE),"Немає РЦ")) -> В межах
... A2453: ='06A_Варіанти'!A2444 -> RCCH_3452 | B2453: ='06A_Варіанти'!B2444 -> TT_3452 | C2453: ='06A_Варіанти'!D2444 -> РЦЧ SKU | D2453: ='06A_Варіанти'!C2444 -> РЦЧ | E2453: ='06A_Варіанти'!S2444 -> DIRECT | F2453: =IF(O2453='06A_Варіанти'!E2444,'06A_Варіанти'!E$1,IF(O2453='06A_Варіанти'!F2444,'06A_Варіанти'!F$1,IF(O2453='06A_Варіанти'!G2444,'06A_Варіанти'!G$1,IF(O2453='06A_Варіанти'!H2444,'06A_Варіанти'!H$1,IF(O2453='06A_Варіанти'!I2444,'06A_Варіанти'!I$1,IF(O2453='06A_Варіанти'!J2444,'06A_Варіанти'!J$1,IF(O2453='06A_Варіанти'!K2444,'06A_Варіанти'!K$1,IF(O2453='06A_Варіанти'!L2444,'06A_Варіанти'!L$1,IF(O2453='06A_Варіанти'!M2444,'06A_Варіанти'!M$1,IF(O2453='06A_Варіанти'!N2444,'06A_Варіанти'!N$1,IF(O2453='06A_Варіанти'!O2444,'06A_Варіанти'!O$1,IF(O2453='06A_Варіанти'!P2444,'06A_Варіанти'!P$1,IF(O2453='06A_Варіанти'!Q2444,'06A_Варіанти'!Q$1,IF(O2453='06A_Варіанти'!R2444,'06A_Варіанти'!R$1,"НЕМАЄ МАРШРУТУ")))))))))))))) -> DIRECT | G2453: =IF(O2453>1E+90,"НЕМАЄ МАРШРУТУ",IF(F2453=E2453,"БЕЗ ЗМІН","ЗМІНЕНО")) -> БЕЗ ЗМІН | H2453: =IF(G2453="НЕМАЄ МАРШРУТУ",0,O2453-'06A_Варіанти'!T2444) -> 0 | I2453: =IFERROR(INDEX('04_Потоки'!$E:$E,MATCH(A2453,'04_Потоки'!$A:$A,0)),0) -> 1 | J2453: =ROUNDUP(I2453/20,0) -> 1 | K2453: =IF(C2453="РЦК макси",0,2*'06A_Варіанти'!T2444*J2453) -> 589 | L2453: =IF(C2453="РЦК макси",0,IF(G2453="НЕМАЄ МАРШРУТУ",0,2*O2453*J2453)) -> 589 | M2453: =L2453-K2453 -> 0 | N2453: =IFERROR(M2453/K2453,0) -> 0 | O2453: =MIN(IF('07A_Конструктор'!$D$5="Так",'06A_Варіанти'!E2444,1E+99),IF('07A_Конструктор'!$D$6="Так",'06A_Варіанти'!F2444,1E+99),IF('07A_Конструктор'!$D$7="Так",'06A_Варіанти'!G2444,1E+99),IF('07A_Конструктор'!$D$8="Так",'06A_Варіанти'!H2444,1E+99),IF('07A_Конструктор'!$D$9="Так",'06A_Варіанти'!I2444,1E+99),IF('07A_Конструктор'!$D$10="Так",'06A_Варіанти'!J2444,1E+99),IF('07A_Конструктор'!$D$11="Так",'06A_Варіанти'!K2444,1E+99),IF('07A_Конструктор'!$D$12="Так",'06A_Варіанти'!L2444,1E+99),IF('07A_Конструктор'!$D$13="Так",'06A_Варіанти'!M2444,1E+99),IF('07A_Конструктор'!$D$14="Так",'06A_Варіанти'!N2444,1E+99),IF('07A_Конструктор'!$D$15="Так",'06A_Варіанти'!O2444,1E+99),IF('07A_Конструктор'!$D$16="Так",'06A_Варіанти'!P2444,1E+99),IF('07A_Конструктор'!$D$17="Так",'06A_Варіанти'!Q2444,1E+99),IF('06A_Варіанти'!R2444="",1E+99,'06A_Варіанти'!R2444)) -> 294.5 | P2453: =IF(C2453="РЦК макси","Не моделюється",IF(MOD(I2453,20)=0,"10 т",IF(MOD(I2453,20)<=14,"5 т",IF(MOD(I2453,20)<=16,"7 т","10 т")))) -> 5 т | Q2453: =IF(P2453="Не моделюється",0,IF(P2453="5 т",14,IF(P2453="7 т",16,20))) -> 14 | R2453: =IF(OR(C2453="РЦК макси",C2453="РЦЧ SKU"),"SKU-потік",IFERROR(VLOOKUP(D2453,'02_РЦ'!$A$3:$I$7,5,FALSE),0)) -> SKU-потік | S2453: =IF(OR(C2453="РЦК макси",C2453="РЦЧ SKU"),"Не рахується в ліміт",IFERROR(VLOOKUP(D2453,'02_РЦ'!$A$3:$I$7,9,FALSE),"Немає РЦ")) -> Не рахується в ліміт

Sheet 02_РЦ
A1: ДОВІДНИК РОЗПОДІЛЬЧИХ ЦЕНТРІВ
A2: Код РЦ | B2: Назва РЦ | C2: Широта | D2: Довгота | E2: Ліміт, ТТ | F2: Доступний | G2: Тип | H2: Базові унікальні ТТ | I2: Статус ліміту | J2: Примітка
A3: РЦП | B3: Щербані | C3: 49.533378 | D3: 34.538489 | E3: 800 | F3: Так | G3: Основний | H3: 800 | I3: В межах | J3: Паралельні потоки РЦК/РЦЧ не дублюють ТТ у ліміті
A4: РЦВ | B4: Вінниця, Житомирський в’їзд | C4: 49.28275 | D4: 28.49681 | E4: 500 | F4: Так | G4: Основний | H4: 500 | I4: В межах | J4: Паралельні потоки РЦК/РЦЧ не дублюють ТТ у ліміті
A5: РЦЛ | B5: Львів, вул. Північна | C5: 49.83366 | D5: 23.92729 | E5: 700 | F5: Так | G5: Основний | H5: 614 | I5: В межах | J5: Паралельні потоки РЦК/РЦЧ не дублюють ТТ у ліміті
A6: РЦК | B6: Стоянка | C6: 50.45833 | D6: 30.23 | E6: 200 | F6: Так | G6: Основний | H6: 15 | I6: В межах | J6: Паралельні потоки РЦК/РЦЧ не дублюють ТТ у ліміті
A7: РЦЧ | B7: Черкаси | C7: 49.4444 | D7: 32.0598 | E7: 200 | F7: Так | G7: Паралельний SKU-потік | H7: 0 | I7: В межах | J7: Паралельні потоки РЦК/РЦЧ не дублюють ТТ у ліміті

Sheet 03_ТТ
A1: ПОВНИЙ ДОВІДНИК ТОРГОВИХ ТОЧОК
A2: TT_ID | B2: Статус | C2: Номер ТТ | D2: Місто | E2: Чинний РЦ | F2: Широта | G2: Довгота | H2: Палети джерела | I2: Є потік РЦЧ | J2: Контроль дубля | K2: Контроль координат | L2: Початковий РЦ
A3: TT_1 | B3: Діючий | C3: 1 | D3: м. Полтава | E3: РЦП | F3: 49.585117 | G3: 34.544373 | H3: 55.516084 | I3: Ні | J3: =IF(COUNTIF($A$3:A3,A3)>1,"ДУБЛЬ","") | K3: =IF(OR(F3="",G3=""),"НЕМАЄ","OK") -> OK | L3: РЦП
A4: TT_3 | B4: Діючий | C4: 3 | D4: м. Тростянець | E4: РЦП | F4: 50.47018 | G4: 34.96003 | H4: 55.516084 | I4: Ні | J4: =IF(COUNTIF($A$3:A4,A4)>1,"ДУБЛЬ","") | K4: =IF(OR(F4="",G4=""),"НЕМАЄ","OK") -> OK | L4: РЦП
A5: TT_503 | B5: Діючий | C5: 503 | D5: смт Липова Долина | E5: РЦП | F5: 50.558687 | G5: 33.799326 | H5: 55.516084 | I5: Ні | J5: =IF(COUNTIF($A$3:A5,A5)>1,"ДУБЛЬ","") | K5: =IF(OR(F5="",G5=""),"НЕМАЄ","OK") -> OK | L5: РЦП
A6: TT_515 | B6: Діючий | C6: 515 | D6: смт Томаківка | E6: РЦП | F6: 47.81054 | G6: 34.74199 | H6: 55.516084 | I6: Ні | J6: =IF(COUNTIF($A$3:A6,A6)>1,"ДУБЛЬ","") | K6: =IF(OR(F6="",G6=""),"НЕМАЄ","OK") -> OK | L6: РЦП
A7: TT_178 | B7: Діючий | C7: 178 | D7: м. Запоріжжя | E7: РЦП | F7: 47.823201 | G7: 35.039616 | H7: 55.516084 | I7: Ні | J7: =IF(COUNTIF($A$3:A7,A7)>1,"ДУБЛЬ","") | K7: =IF(OR(F7="",G7=""),"НЕМАЄ","OK") -> OK | L7: РЦП
A8: TT_489 | B8: Діючий | C8: 489 | D8: м. Павлоград | E8: РЦП | F8: 48.4986 | G8: 35.944651 | H8: 55.516084 | I8: Ні | J8: =IF(COUNTIF($A$3:A8,A8)>1,"ДУБЛЬ","") | K8: =IF(OR(F8="",G8=""),"НЕМАЄ","OK") -> OK | L8: РЦП
A9: TT_185 | B9: Діючий | C9: 185 | D9: м. Вільнянськ | E9: РЦП | F9: 47.944225 | G9: 35.435904 | H9: 55.516084 | I9: Ні | J9: =IF(COUNTIF($A$3:A9,A9)>1,"ДУБЛЬ","") | K9: =IF(OR(F9="",G9=""),"НЕМАЄ","OK") -> OK | L9: РЦП
A10: TT_518 | B10: Діючий | C10: 518 | D10: м. Харків | E10: РЦП | F10: 50.011913 | G10: 36.352861 | H10: 55.516084 | I10: Ні | J10: =IF(COUNTIF($A$3:A10,A10)>1,"ДУБЛЬ","") | K10: =IF(OR(F10="",G10=""),"НЕМАЄ","OK") -> OK | L10: РЦП
A11: TT_519 | B11: Діючий | C11: 519 | D11: м. Харків | E11: РЦП | F11: 49.944916 | G11: 36.315095 | H11: 55.516084 | I11: Ні | J11: =IF(COUNTIF($A$3:A11,A11)>1,"ДУБЛЬ","") | K11: =IF(OR(F11="",G11=""),"НЕМАЄ","OK") -> OK | L11: РЦП
A12: TT_5 | B12: Діючий | C12: 5 | D12: м. Ромни | E12: РЦП | F12: 50.746597 | G12: 33.489347 | H12: 55.516084 | I12: Ні | J12: =IF(COUNTIF($A$3:A12,A12)>1,"ДУБЛЬ","") | K12: =IF(OR(F12="",G12=""),"НЕМАЄ","OK") -> OK | L12: РЦП
A13: TT_7 | B13: Діючий | C13: 7 | D13: м. Кременчук | E13: РЦП | F13: 49.064631 | G13: 33.418272 | H13: 55.516084 | I13: Так | J13: =IF(COUNTIF($A$3:A13,A13)>1,"ДУБЛЬ","") | K13: =IF(OR(F13="",G13=""),"НЕМАЄ","OK") -> OK | L13: РЦП
A14: TT_9 | B14: Діючий | C14: 9 | D14: м. Полтава | E14: РЦП | F14: 49.569286 | G14: 34.576676 | H14: 55.516084 | I14: Ні | J14: =IF(COUNTIF($A$3:A14,A14)>1,"ДУБЛЬ","") | K14: =IF(OR(F14="",G14=""),"НЕМАЄ","OK") -> OK | L14: РЦП
... A1931: TT_3486 | B1931: Діючий | C1931: 3486 | D1931: с. Ярунь | E1931: РЦЛ | F1931: 50.54654 | G1931: 27.46682 | H1931: 59.726384 | I1931: Ні | J1931: =IF(COUNTIF($A$3:A1931,A1931)>1,"ДУБЛЬ","") | K1931: =IF(OR(F1931="",G1931=""),"НЕМАЄ","OK") -> OK | L1931: РЦЛ

Sheet 03B_Призначення_РЦ
A1: TT_ID | B1: Початковий РЦ | C1: Розрахунковий РЦ | D1: Змінено | E1: Причина
A2: TT_1 | B2: РЦП | C2: РЦП | D2: Ні | E2: В межах ліміту
A3: TT_3 | B3: РЦП | C3: РЦП | D3: Ні | E3: В межах ліміту
A4: TT_503 | B4: РЦП | C4: РЦП | D4: Ні | E4: В межах ліміту
A5: TT_515 | B5: РЦП | C5: РЦП | D5: Ні | E5: В межах ліміту
A6: TT_178 | B6: РЦП | C6: РЦП | D6: Ні | E6: В межах ліміту
A7: TT_489 | B7: РЦП | C7: РЦП | D7: Ні | E7: В межах ліміту
A8: TT_185 | B8: РЦП | C8: РЦП | D8: Ні | E8: В межах ліміту
A9: TT_518 | B9: РЦП | C9: РЦП | D9: Ні | E9: В межах ліміту
A10: TT_519 | B10: РЦП | C10: РЦП | D10: Ні | E10: В межах ліміту
A11: TT_5 | B11: РЦП | C11: РЦП | D11: Ні | E11: В межах ліміту
A12: TT_7 | B12: РЦП | C12: РЦП | D12: Ні | E12: В межах ліміту
... A1930: TT_3486 | B1930: РЦЛ | C1930: РЦЛ | D1930: Ні | E1930: В межах ліміту

Sheet 04_Потоки
A1: РЕЄСТР ТОВАРНИХ ПОТОКІВ
A2: Flow_ID | B2: TT_ID | C2: Тип потоку | D2: РЦ відправлення | E2: Палет/день | F2: Активний | G2: Основний маршрут | H2: Резерв 1 | I2: Резерв 2
A3: BASE_1 | B3: TT_1 | C3: Основний | D3: РЦП | E3: 1.8505361 | F3: Так | G3: Не розраховано
A4: BASE_3 | B4: TT_3 | C4: Основний | D4: РЦП | E4: 1.8505361 | F4: Так | G4: Не розраховано
A5: BASE_503 | B5: TT_503 | C5: Основний | D5: РЦП | E5: 1.8505361 | F5: Так | G5: Не розраховано
A6: BASE_515 | B6: TT_515 | C6: Основний | D6: РЦП | E6: 1.8505361 | F6: Так | G6: Не розраховано
A7: BASE_178 | B7: TT_178 | C7: Основний | D7: РЦП | E7: 1.8505361 | F7: Так | G7: Не розраховано
A8: BASE_489 | B8: TT_489 | C8: Основний | D8: РЦП | E8: 1.8505361 | F8: Так | G8: Не розраховано
A9: BASE_185 | B9: TT_185 | C9: Основний | D9: РЦП | E9: 1.8505361 | F9: Так | G9: Не розраховано
A10: BASE_518 | B10: TT_518 | C10: Основний | D10: РЦП | E10: 1.8505361 | F10: Так | G10: Не розраховано
A11: BASE_519 | B11: TT_519 | C11: Основний | D11: РЦП | E11: 1.8505361 | F11: Так | G11: Не розраховано
A12: BASE_5 | B12: TT_5 | C12: Основний | D12: РЦП | E12: 1.8505361 | F12: Так | G12: Не розраховано
A13: BASE_7 | B13: TT_7 | C13: Основний | D13: РЦП | E13: 1.8505361 | F13: Так | G13: Не розраховано
A14: BASE_9 | B14: TT_9 | C14: Основний | D14: РЦП | E14: 1.8505361 | F14: Так | G14: Не розраховано
... A2445: RCCH_3452 | B2445: TT_3452 | C2445: РЦЧ SKU | D2445: РЦЧ | E2445: 1 | F2445: Так | G2445: Не розраховано

Sheet 05_Переходи
A1: ПОГОДЖЕНІ 13 РОБОЧИХ ПЕРЕХОДІВ
A2: Bridge_ID | B2: Вузол | C2: Назва переходу | D2: Широта | E2: Довгота | F2: Дозволений | G2: Потужність | H2: Статус
A3: KYI_DARN | B3: Київ | C3: Дарницький міст | D3: 50.4306 | E3: 30.5883 | F3: Так | H3: Працює
A4: KYI_SOUTH | B4: Київ | C4: Південний міст | D4: 50.3942 | E4: 30.59 | F4: Так | H4: Працює
A5: KYI_NORTH | B5: Київ | C5: Північний міст | D5: 50.4872 | E5: 30.5408 | F5: Так | H5: Працює
A6: KYI_HPP | B6: Вишгород | C6: Київська ГЕС | D6: 50.5909 | E6: 30.5215 | F6: Так | H6: Працює
A7: KANIV_HPP | B7: Канів | C7: Канівська ГЕС | D7: 49.766 | E7: 31.469 | F7: Так | H7: Працює
A8: CHK | B8: Черкаси | C8: Черкаський міст | D8: 49.448 | E8: 32.093 | F8: Так | H8: Працює
A9: KREM | B9: Кременчук | C9: Кременчуцький міст | D9: 49.069 | E9: 33.42 | F9: Так | H9: Працює
A10: KAM_HPP | B10: Кам’янське | C10: Середньодніпровська ГЕС | D10: 48.551 | E10: 34.474 | F10: Так | H10: Працює
A11: DNI_AMUR | B11: Дніпро | C11: Амурський міст | D11: 48.486 | E11: 35.023 | F11: Так | H11: Працює
A12: DNI_CENTR | B12: Дніпро | C12: Центральний міст | D12: 48.468 | E12: 35.067 | F12: Так | H12: Працює
A13: DNI_SOUTH | B13: Дніпро | C13: Південний міст | D13: 48.414 | E13: 35.103 | F13: Так | H13: Працює
A14: ZP_PREOBR | B14: Запоріжжя | C14: Мости Преображенського | D14: 47.841 | E14: 35.078 | F14: Так | H14: Працює
A15: ZP_NEW | B15: Запоріжжя | C15: Нові мостові переходи | D15: 47.833 | E15: 35.118 | F15: Так | H15: Працює

Sheet 06_Матриця_маршрутів
A1: МАТРИЦЯ ДОПУСТИМИХ МАРШРУТІВ
A2: Route_ID | B2: Flow_ID | C2: РЦ | D2: TT_ID | E2: Bridge_ID | F2: Тип маршруту | G2: РЦ–міст, км | H2: Міст–ТТ, км | I2: Пряма РЦ–ТТ, км | J2: Усього, км | K2: Міст доступний | L2: Маршрут доступний | M2: Ранг
J3: =IF(F3="Без мосту",I3,G3+H3) -> 0 | L3: =IF(E3="DIRECT",TRUE,K3) -> 0

Sheet 06A_Варіанти
A1: Flow_ID | B1: TT_ID | C1: РЦ | D1: Тип потоку | E1: KYI_DARN | F1: KYI_SOUTH | G1: KYI_NORTH | H1: KYI_HPP | I1: KANIV_HPP | J1: CHK | K1: KREM | L1: KAM_HPP | M1: DNI_AMUR | N1: DNI_CENTR | O1: DNI_SOUTH | P1: ZP_PREOBR | Q1: ZP_NEW | R1: DIRECT | S1: Базовий маршрут | T1: Базова відстань, км
A2: BASE_1 | B2: TT_1 | C2: РЦП | D2: Основний | E2: 716.9 | F2: 713.7 | G2: 729.2 | H2: 741.4 | I2: 533.6 | J2: 425.4 | K2: 235 | L2: 269.3 | M2: 298.6 | N2: 305.4 | O2: 321.1 | P2: 468.2 | Q2: 471.7 | R2: 6.9 | S2: DIRECT | T2: 6.9
A3: BASE_3 | B3: TT_3 | C3: РЦП | D3: Основний | E3: 730.8 | F3: 729.3 | G3: 740.8 | H3: 748.6 | I3: 580.1 | J3: 493.6 | K3: 344.6 | L3: 390.7 | M3: 410.9 | N3: 416.8 | O3: 432 | P3: 581.7 | Q3: 584.7 | R3: 130.1 | S3: DIRECT | T3: 130.1
A4: BASE_503 | B4: TT_503 | C4: РЦП | D4: Основний | E4: 632.5 | F4: 631.2 | G4: 642.2 | H4: 649.6 | I4: 492.5 | J4: 420.5 | K4: 316.8 | L4: 405.4 | M4: 442.2 | N4: 449.3 | O4: 465 | P4: 610.1 | Q4: 614 | R4: 150.8 | S4: DIRECT | T4: 150.8
A5: BASE_515 | B5: TT_515 | C5: РЦП | D5: Основний | E5: 863 | F5: 858.1 | G5: 877.3 | H5: 894.2 | I5: 655.3 | J5: 532.1 | K5: 320 | L5: 232.8 | M5: 239.6 | N5: 241.9 | O5: 244 | P5: 261.1 | Q5: 266.4 | S5: KAM_HPP | T5: 232.8
A6: BASE_178 | B6: TT_178 | C6: РЦП | D6: Основний | E6: 880.9 | F6: 876 | G6: 895.1 | H6: 911.6 | I6: 674 | J6: 550.6 | K6: 334.9 | L6: 240.6 | M6: 234.5 | N6: 235.6 | O6: 236.4 | P6: 234.9 | Q6: 239.7 | S6: DNI_AMUR | T6: 234.5
A7: BASE_489 | B7: TT_489 | C7: РЦП | D7: Основний | E7: 890.5 | F7: 886.6 | G7: 903.7 | H7: 917.9 | I7: 692.7 | J7: 572.6 | K7: 350 | L7: 261.4 | M7: 227.6 | N7: 227.2 | O7: 232.7 | P7: 347.6 | Q7: 347.9 | R7: 184.9 | S7: DIRECT | T7: 184.9
A8: BASE_185 | B8: TT_185 | C8: РЦП | D8: Основний | E8: 896.6 | F8: 892 | G8: 910.6 | H8: 926.4 | I8: 691.6 | J8: 568.5 | K8: 348.3 | L8: 248.9 | M8: 227.1 | N8: 226.7 | O8: 226.7 | P8: 265.6 | Q8: 264.6 | R8: 226.3 | S8: DIRECT | T8: 226.3
A9: BASE_518 | B9: TT_518 | C9: РЦП | D9: Основний | E9: 854.6 | F9: 852.5 | G9: 865.4 | H9: 874.7 | I9: 688 | J9: 587.2 | K9: 398.7 | L9: 385.6 | M9: 380.3 | N9: 384 | O9: 396.8 | P9: 541.2 | Q9: 542.8 | R9: 168.9 | S9: DIRECT | T9: 168.9
A10: BASE_519 | B10: TT_519 | C10: РЦП | D10: Основний | E10: 852.8 | F10: 850.6 | G10: 863.8 | H10: 873.3 | I10: 684.5 | J10: 582.6 | K10: 392.1 | L10: 376.8 | M10: 370.9 | N10: 374.6 | O10: 387.3 | P10: 531.7 | Q10: 533.3 | R10: 162.7 | S10: DIRECT | T10: 162.7
A11: BASE_5 | B11: TT_5 | C11: РЦП | D11: Основний | E11: 608.7 | F11: 608 | G11: 617.6 | H11: 623.7 | I11: 483.4 | J11: 422.8 | K11: 339.3 | L11: 436.3 | M11: 475.5 | N11: 482.7 | O11: 498.4 | P11: 642.4 | Q11: 646.3 | R11: 185.1 | S11: DIRECT | T11: 185.1
A12: BASE_7 | B12: TT_7 | C12: РЦП | D12: Основний | E12: 663.9 | F12: 659.4 | G12: 677.8 | H12: 693.7 | I12: 460.3 | J12: 338.5 | K12: 116 | L12: 246.5 | M12: 306.9 | N12: 314.9 | O12: 329.1 | P12: 450.4 | Q12: 455.3 | S12: KREM | T12: 116
A13: BASE_9 | B13: TT_9 | C13: РЦП | D13: Основний | E13: 720.2 | F13: 717.1 | G13: 732.5 | H13: 744.8 | I13: 536.6 | J13: 428.1 | K13: 236.1 | L13: 267.4 | M13: 295.8 | N13: 302.6 | O13: 318.2 | P13: 465.6 | Q13: 469.1 | R13: 5.8 | S13: DIRECT | T13: 5.8
A14: BASE_11 | B14: TT_11 | C14: РЦП | D14: Основний | E14: 720.9 | F14: 720.1 | G14: 729.6 | H14: 735.1 | I14: 588.8 | J14: 514.6 | K14: 388 | L14: 447.4 | M14: 470.2 | N14: 476.3 | O14: 491.6 | P14: 641.2 | Q14: 644.3 | R14: 185.2 | S14: DIRECT | T14: 185.2
A15: BASE_12 | B15: TT_12 | C15: РЦП | D15: Основний | E15: 662.5 | F15: 658 | G15: 676.4 | H15: 692.2 | I15: 459.4 | J15: 337.9 | K15: 118.4 | L15: 247.9 | M15: 307.8 | N15: 315.8 | O15: 330.1 | P15: 452.4 | Q15: 457.3 | R15: 113.1 | S15: DIRECT | T15: 113.1
A16: BASE_24 | B16: TT_24 | C16: РЦП | D16: Основний | E16: 624.6 | F16: 621.8 | G16: 636.4 | H16: 647.8 | I16: 452.8 | J16: 360.2 | K16: 236.3 | L16: 334.7 | M16: 379 | N16: 386.6 | O16: 402.2 | P16: 542.4 | Q16: 546.6 | R16: 99 | S16: DIRECT | T16: 99
A17: BASE_39 | B17: TT_39 | C17: РЦП | D17: Основний | E17: 649.7 | F17: 644.3 | G17: 664.3 | H17: 682.5 | I17: 441 | J17: 321.4 | K17: 196.5 | L17: 292.5 | M17: 356.6 | N17: 364.3 | O17: 376.7 | P17: 475.2 | Q17: 480.7 | S17: KREM | T17: 196.5
A18: BASE_60 | B18: TT_60 | C18: РЦП | D18: Основний | E18: 828 | F18: 823.6 | G18: 841.7 | H18: 857.2 | I18: 625 | J18: 502.6 | K18: 280.2 | L18: 181.7 | M18: 156.6 | N18: 159.3 | O18: 166.2 | P18: 306.7 | Q18: 309.9 | S18: DNI_AMUR | T18: 156.6
A19: BASE_61 | B19: TT_61 | C19: РЦП | D19: Основний | E19: 719.6 | F19: 716.5 | G19: 731.9 | H19: 744.1 | I19: 536.3 | J19: 428 | K19: 236.7 | L19: 268.7 | M19: 297.1 | N19: 303.9 | O19: 319.5 | P19: 466.9 | Q19: 470.4 | R19: 6.9 | S19: DIRECT | T19: 6.9
A20: BASE_62 | B20: TT_62 | C20: РЦП | D20: Основний | E20: 890.2 | F20: 886.3 | G20: 903.5 | H20: 917.7 | I20: 692.3 | J20: 572.2 | K20: 349.6 | L20: 260.7 | M20: 226.8 | N20: 226.5 | O20: 231.8 | P20: 346.5 | Q20: 346.8 | R20: 185 | S20: DIRECT | T20: 185
A21: BASE_46 | B21: TT_46 | C21: РЦП | D21: Основний | E21: 721 | F21: 717.9 | G21: 733.3 | H21: 745.5 | I21: 537.9 | J21: 429.6 | K21: 238.3 | L21: 269.3 | M21: 297.1 | N21: 303.9 | O21: 319.5 | P21: 467.1 | Q21: 470.6 | R21: 8.2 | S21: DIRECT | T21: 8.2
A22: BASE_66 | B22: TT_66 | C22: РЦП | D22: Основний | E22: 516.2 | F22: 519 | G22: 517.2 | H22: 511.9 | I22: 499.7 | J22: 494.7 | K22: 486.3 | L22: 608.8 | M22: 658.6 | N22: 666.3 | O22: 681.8 | P22: 817.2 | Q22: 821.8 | R22: 378.7 | S22: DIRECT | T22: 378.7
A23: BASE_67 | B23: TT_67 | C23: РЦП | D23: Основний | E23: 720.4 | F23: 719.7 | G23: 729.1 | H23: 734.6 | I23: 588.4 | J23: 514.3 | K23: 387.9 | L23: 447.4 | M23: 470.3 | N23: 476.4 | O23: 491.7 | P23: 641.3 | Q23: 644.3 | R23: 185.2 | S23: DIRECT | T23: 185.2
A24: BASE_68 | B24: TT_68 | C24: РЦП | D24: Основний | E24: 720.2 | F24: 717 | G24: 732.5 | H24: 744.7 | I24: 536.8 | J24: 428.4 | K24: 236.9 | L24: 268.3 | M24: 296.6 | N24: 303.4 | O24: 319.1 | P24: 466.4 | Q24: 470 | R24: 6.8 | S24: DIRECT | T24: 6.8
A25: BASE_72 | B25: TT_72 | C25: РЦП | D25: Основний | E25: 780.8 | F25: 776.4 | G25: 794.5 | H25: 810 | I25: 577.8 | J25: 455.6 | K25: 233 | L25: 141.8 | M25: 190 | N25: 197.9 | O25: 211.8 | P25: 342.8 | Q25: 347 | R25: 123.7 | S25: DIRECT | T25: 123.7
A26: BASE_73 | B26: TT_73 | C26: РЦП | D26: Основний | E26: 604.9 | F26: 601.6 | G26: 617.5 | H26: 630.5 | I26: 422.5 | J26: 323.8 | K26: 211.6 | L26: 326.2 | M26: 376.9 | N26: 384.7 | O26: 400.1 | P26: 534.6 | Q26: 539.1 | R26: 114.2 | S26: DIRECT | T26: 114.2
A27: BASE_76 | B27: TT_76 | C27: РЦП | D27: Основний | E27: 824.8 | F27: 820.5 | G27: 838.5 | H27: 853.9 | I27: 622.2 | J27: 500 | K27: 277.4 | L27: 179.9 | M27: 151.6 | N27: 155.9 | O27: 167.3 | P27: 311.9 | Q27: 315.1 | S27: DNI_AMUR | T27: 151.6
A28: BASE_30 | B28: TT_30 | C28: РЦП | D28: Основний | E28: 648.3 | F28: 646.5 | G28: 658.6 | H28: 667.2 | I28: 497.1 | J28: 416.3 | K28: 296.1 | L28: 378.1 | M28: 413.6 | N28: 420.6 | O28: 436.3 | P28: 582 | Q28: 585.8 | R28: 121.8 | S28: DIRECT | T28: 121.8
A29: BASE_77 | B29: TT_77 | C29: РЦП | D29: Основний | E29: 661.8 | F29: 657.3 | G29: 675.7 | H29: 691.5 | I29: 458.7 | J29: 337.3 | K29: 118.8 | L29: 248.6 | M29: 308.5 | N29: 316.5 | O29: 330.8 | P29: 453.1 | Q29: 458 | R29: 113.3 | S29: DIRECT | T29: 113.3
A30: BASE_80 | B30: TT_80 | C30: РЦП | D30: Основний | E30: 517.8 | F30: 520.6 | G30: 518.7 | H30: 513.3 | I30: 501.6 | J30: 496.6 | K30: 488.1 | L30: 610.6 | M30: 660.3 | N30: 668 | O30: 683.5 | P30: 818.9 | Q30: 823.5 | R30: 380.2 | S30: DIRECT | T30: 380.2
A31: BASE_79 | B31: TT_79 | C31: РЦП | D31: Основний | E31: 723.4 | F31: 722.7 | G31: 732.1 | H31: 737.7 | I31: 591.2 | J31: 516.8 | K31: 389.4 | L31: 447.9 | M31: 470.4 | N31: 476.4 | O31: 491.7 | P31: 641.3 | Q31: 644.4 | R31: 185.7 | S31: DIRECT | T31: 185.7
A32: BASE_78 | B32: TT_78 | C32: РЦП | D32: Основний | E32: 781.8 | F32: 777.4 | G32: 795.6 | H32: 811.1 | I32: 578.7 | J32: 456.4 | K32: 233.9 | L32: 140.9 | M32: 189.3 | N32: 197.3 | O32: 211 | P32: 341.3 | Q32: 345.6 | R32: 125.3 | S32: DIRECT | T32: 125.3
A33: BASE_87 | B33: TT_87 | C33: РЦП | D33: Основний | E33: 680.3 | F33: 676.9 | G33: 692.9 | H33: 705.8 | I33: 493.9 | J33: 385 | K33: 202.9 | L33: 270.8 | M33: 312 | N33: 319.5 | O33: 335.2 | P33: 477 | Q33: 481.1 | R33: 40 | S33: DIRECT | T33: 40
A34: BASE_86 | B34: TT_86 | C34: РЦП | D34: Основний | E34: 723.9 | F34: 723.1 | G34: 732.6 | H34: 738.3 | I34: 590.7 | J34: 515.7 | K34: 387.4 | L34: 445.2 | M34: 467.6 | N34: 473.7 | O34: 488.9 | P34: 638.5 | Q34: 641.6 | R34: 183.2 | S34: DIRECT | T34: 183.2
A35: BASE_88 | B35: TT_88 | C35: РЦП | D35: Основний | E35: 829.1 | F35: 825.1 | G35: 842.5 | H35: 857.1 | I35: 630 | J35: 509.5 | K35: 286.7 | L35: 201.6 | M35: 175.3 | N35: 178.1 | O35: 190.5 | P35: 338.6 | Q35: 341 | R35: 134.9 | S35: DIRECT | T35: 134.9
A36: BASE_23 | B36: TT_23 | C36: РЦП | D36: Основний | E36: 862.2 | F36: 859.3 | G36: 874.1 | H36: 885.5 | I36: 680.6 | J36: 570.3 | K36: 363 | L36: 321.2 | M36: 306.6 | N36: 309.4 | O36: 321.1 | P36: 461.6 | Q36: 462.9 | R36: 146.7 | S36: DIRECT | T36: 146.7
A37: BASE_89 | B37: TT_89 | C37: РЦП | D37: Основний | E37: 559.1 | F37: 555.4 | G37: 572.2 | H37: 586.3 | I37: 373 | J37: 281.8 | K37: 230.2 | L37: 357.8 | M37: 413.4 | N37: 421.4 | O37: 436.4 | P37: 564.5 | Q37: 569.3 | R37: 162.6 | S37: DIRECT | T37: 162.6
A38: BASE_96 | B38: TT_96 | C38: РЦП | D38: Основний | E38: 723.2 | F38: 722.5 | G38: 731.9 | H38: 737.5 | I38: 590.9 | J38: 516.4 | K38: 388.9 | L38: 447.4 | M38: 469.9 | N38: 476 | O38: 491.2 | P38: 640.8 | Q38: 643.9 | R38: 185.3 | S38: DIRECT | T38: 185.3
A39: BASE_99 | B39: TT_99 | C39: РЦП | D39: Основний | E39: 540.5 | F39: 536.2 | G39: 554.4 | H39: 570.1 | I39: 342.6 | J39: 247.5 | K39: 238.7 | L39: 370 | M39: 428.9 | N39: 436.9 | O39: 451.5 | P39: 573.4 | Q39: 578.5 | R39: 191.7 | S39: DIRECT | T39: 191.7
A40: BASE_106 | B40: TT_106 | C40: РЦП | D40: Основний | E40: 791.8 | F40: 787.4 | G40: 805.7 | H40: 821.3 | I40: 588.1 | J40: 465.6 | K40: 243.6 | L40: 144.3 | M40: 182.6 | N40: 190.2 | O40: 202.8 | P40: 329.8 | Q40: 334.1 | S40: KAM_HPP | T40: 144.3
A41: BASE_104 | B41: TT_104 | C41: РЦП | D41: Основний | E41: 681.3 | F41: 676.1 | G41: 695.8 | H41: 713.3 | I41: 472.8 | J41: 350.2 | K41: 176.3 | L41: 252.1 | M41: 316.2 | N41: 323.9 | O41: 336.1 | P41: 436.7 | Q41: 442 | S41: KREM | T41: 176.3
A42: BASE_58 | B42: TT_58 | C42: РЦП | D42: Основний | E42: 660.4 | F42: 655.9 | G42: 674.2 | H42: 689.8 | I42: 458 | J42: 337.1 | K42: 123.7 | L42: 250.3 | M42: 309.4 | N42: 317.4 | O42: 331.8 | P42: 455.5 | Q42: 460.4 | R42: 109.5 | S42: DIRECT | T42: 109.5
A43: BASE_10 | B43: TT_10 | C43: РЦП | D43: Основний | E43: 722 | F43: 721.3 | G43: 730.6 | H43: 736.1 | I43: 590.3 | J43: 516.2 | K43: 389.7 | L43: 448.9 | M43: 471.6 | N43: 477.7 | O43: 493 | P43: 642.6 | Q43: 645.6 | R43: 186.7 | S43: DIRECT | T43: 186.7
A44: BASE_114 | B44: TT_114 | C44: РЦП | D44: Основний | E44: 762.1 | F44: 759.4 | G44: 773.9 | H44: 785 | I44: 585.1 | J44: 479.7 | K44: 289.1 | L44: 297.5 | M44: 310.3 | N44: 316 | O44: 330.9 | P44: 480.8 | Q44: 483.6 | R44: 58.7 | S44: DIRECT | T44: 58.7
A45: BASE_110 | B45: TT_110 | C45: РЦП | D45: Основний | E45: 672.1 | F45: 667.4 | G45: 686.3 | H45: 702.7 | I45: 466.3 | J45: 343.2 | K45: 135.7 | L45: 241 | M45: 303.6 | N45: 311.5 | O45: 325.2 | P45: 440.4 | Q45: 445.6 | S45: KREM | T45: 135.7
A46: BASE_116 | B46: TT_116 | C46: РЦП | D46: Основний | E46: 651.2 | F46: 651.3 | G46: 658.5 | H46: 661.8 | I46: 543.8 | J46: 488.6 | K46: 401.5 | L46: 488.6 | M46: 522.1 | N46: 528.9 | O46: 544.6 | P46: 691.5 | Q46: 695.1 | R46: 230.1 | S46: DIRECT | T46: 230.1
A47: BASE_123 | B47: TT_123 | C47: РЦП | D47: Основний | E47: 668.4 | F47: 669.8 | G47: 673 | H47: 672.3 | I47: 594.6 | J47: 555.6 | K47: 488.4 | L47: 581.3 | M47: 615.5 | N47: 622.3 | O47: 638 | P47: 784.8 | Q47: 788.4 | R47: 323.5 | S47: DIRECT | T47: 323.5
A48: BASE_124 | B48: TT_124 | C48: РЦП | D48: Основний | E48: 576.5 | F48: 579 | G48: 578.5 | H48: 574.2 | I48: 543.7 | J48: 528.8 | K48: 503 | L48: 617.7 | M48: 662.7 | N48: 670.1 | O48: 685.8 | P48: 826 | Q48: 830.3 | R48: 375.6 | S48: DIRECT | T48: 375.6
A49: BASE_121 | B49: TT_121 | C49: РЦП | D49: Основний | E49: 685.2 | F49: 686.1 | G49: 690.9 | H49: 691.8 | I49: 596.1 | J49: 548.3 | K49: 466.6 | L49: 551.6 | M49: 582.7 | N49: 589.3 | O49: 604.9 | P49: 752.8 | Q49: 756.3 | R49: 291.3 | S49: DIRECT | T49: 291.3
A50: BASE_122 | B50: TT_122 | C50: РЦП | D50: Основний | E50: 672.3 | F50: 673.7 | G50: 677 | H50: 676.2 | I50: 598.4 | J50: 559.1 | K50: 491.1 | L50: 583.2 | M50: 617.2 | N50: 623.9 | O50: 639.6 | P50: 786.5 | Q50: 790.2 | R50: 325.1 | S50: DIRECT | T50: 325.1
A51: BASE_137 | B51: TT_137 | C51: РЦП | D51: Основний | E51: 828.8 | F51: 825.7 | G51: 841.1 | H51: 853.2 | I51: 643.3 | J51: 530.9 | K51: 321.1 | L51: 280.8 | M51: 271.3 | N51: 274.9 | O51: 287.7 | P51: 433.4 | Q51: 435.2 | R51: 110.2 | S51: DIRECT | T51: 110.2
A52: BASE_142 | B52: TT_142 | C52: РЦП | D52: Основний | E52: 874.7 | F52: 869.6 | G52: 889.1 | H52: 906.4 | I52: 666.4 | J52: 543.5 | K52: 335.7 | L52: 254.2 | M52: 263.7 | N52: 266 | O52: 268.2 | P52: 277 | Q52: 281.2 | S52: KAM_HPP | T52: 254.2
A53: BASE_126 | B53: TT_126 | C53: РЦП | D53: Основний | E53: 629.4 | F53: 625.2 | G53: 642.9 | H53: 657.9 | I53: 431.3 | J53: 315 | K53: 158.7 | L53: 283.8 | M53: 340.3 | N53: 348.3 | O53: 363.2 | P53: 490.6 | Q53: 495.4 | R53: 111.7 | S53: DIRECT | T53: 111.7
A54: BASE_130 | B54: TT_130 | C54: РЦП | D54: Основний | E54: 864.4 | F54: 859.1 | G54: 878.9 | H54: 896.5 | I54: 655.6 | J54: 533.5 | K54: 332.2 | L54: 262 | M54: 281 | N54: 284.1 | O54: 287.2 | P54: 303.5 | Q54: 308 | S54: KAM_HPP | T54: 262
A55: BASE_81 | B55: TT_81 | C55: РЦП | D55: Основний | E55: 523.1 | F55: 520.2 | G55: 535.1 | H55: 547.3 | I55: 362.7 | J55: 306.2 | K55: 278.6 | L55: 404.6 | M55: 458.5 | N55: 466.4 | O55: 481.6 | P55: 612 | Q55: 616.7 | R55: 196.4 | S55: DIRECT | T55: 196.4
A56: BASE_51 | B56: TT_51 | C56: РЦП | D56: Основний | E56: 660.2 | F56: 655.7 | G56: 674 | H56: 689.6 | I56: 457.9 | J56: 337.1 | K56: 124.2 | L56: 250.5 | M56: 309.5 | N56: 317.6 | O56: 332 | P56: 455.8 | Q56: 460.7 | R56: 109.1 | S56: DIRECT | T56: 109.1
A57: BASE_146 | B57: TT_146 | C57: РЦП | D57: Основний | E57: 783.8 | F57: 779.9 | G57: 797 | H57: 811.2 | I57: 587.1 | J57: 468.3 | K57: 247.8 | L57: 194 | M57: 204.8 | N57: 211.4 | O57: 226.9 | P57: 375.6 | Q57: 378.8 | R57: 88.1 | S57: DIRECT | T57: 88.1
A58: BASE_168 | B58: TT_168 | C58: РЦП | D58: Основний | E58: 864.8 | F58: 859.6 | G58: 879.3 | H58: 896.9 | I58: 656.1 | J58: 533.9 | K58: 332 | L58: 260.9 | M58: 279.3 | N58: 282.3 | O58: 285.4 | P58: 301.4 | Q58: 305.8 | S58: KAM_HPP | T58: 260.9
A59: BASE_41 | B59: TT_41 | C59: РЦП | D59: Основний | E59: 650.9 | F59: 646.2 | G59: 665 | H59: 681.3 | I59: 445.7 | J59: 323 | K59: 133.8 | L59: 260.8 | M59: 322.4 | N59: 330.4 | O59: 344.3 | P59: 461.9 | Q59: 467 | S59: KREM | T59: 133.8
A60: BASE_157 | B60: TT_157 | C60: РЦП | D60: Основний | E60: 525.8 | F60: 523.4 | G60: 537.1 | H60: 547.9 | I60: 377.4 | J60: 324.6 | K60: 290.4 | L60: 413.7 | M60: 465.9 | N60: 473.8 | O60: 489.1 | P60: 621.7 | Q60: 626.4 | R60: 197.8 | S60: DIRECT | T60: 197.8
A61: BASE_165 | B61: TT_165 | C61: РЦП | D61: Основний | E61: 666.6 | F61: 668.3 | G61: 670.5 | H61: 668.7 | I61: 602.2 | J61: 568 | K61: 507.9 | L61: 604 | M61: 639.5 | N61: 646.4 | O61: 662.1 | P61: 808.3 | Q61: 812.1 | R61: 347.4 | S61: DIRECT | T61: 347.4
A62: BASE_15 | B62: TT_15 | C62: РЦП | D62: Основний | E62: 720.2 | F62: 719.5 | G62: 728.8 | H62: 734.1 | I62: 589.5 | J62: 516.2 | K62: 391.1 | L62: 451.3 | M62: 474.5 | N62: 480.6 | O62: 495.8 | P62: 645.4 | Q62: 648.5 | R62: 189.1 | S62: DIRECT | T62: 189.1
A63: BASE_38 | B63: TT_38 | C63: РЦП | D63: Основний | E63: 771.1 | F63: 768 | G63: 783.4 | H63: 795.5 | I63: 586.9 | J63: 476.4 | K63: 273.6 | L63: 265.1 | M63: 275.8 | N63: 281.4 | O63: 296.3 | P63: 446.2 | Q63: 449 | R63: 53 | S63: DIRECT | T63: 53
A64: BASE_179 | B64: TT_179 | C64: РЦП | D64: Основний | E64: 865.6 | F64: 860.3 | G64: 880.1 | H64: 897.7 | I64: 656.8 | J64: 534.6 | K64: 332.8 | L64: 261.7 | M64: 280 | N64: 282.9 | O64: 285.9 | P64: 301.6 | Q64: 306 | S64: KAM_HPP | T64: 261.7
A65: BASE_183 | B65: TT_183 | C65: РЦП | D65: Основний | E65: 522.6 | F65: 522.7 | G65: 530 | H65: 534 | I65: 433.1 | J65: 402.6 | K65: 370.3 | L65: 488 | M65: 535.9 | N65: 543.6 | O65: 559.2 | P65: 696.4 | Q65: 700.9 | R65: 254.9 | S65: DIRECT | T65: 254.9
A66: BASE_177 | B66: TT_177 | C66: РЦП | D66: Основний | E66: 820.2 | F66: 818 | G66: 831.3 | H66: 841 | I66: 651.3 | J66: 549.8 | K66: 361.9 | L66: 355.8 | M66: 355.6 | N66: 359.9 | O66: 373.4 | P66: 520.7 | Q66: 522.7 | R66: 131.6 | S66: DIRECT | T66: 131.6
A67: BASE_180 | B67: TT_180 | C67: РЦП | D67: Основний | E67: 517 | F67: 519.9 | G67: 518 | H67: 512.7 | I67: 500.7 | J67: 495.6 | K67: 487.1 | L67: 609.6 | M67: 659.3 | N67: 667 | O67: 682.5 | P67: 817.9 | Q67: 822.5 | R67: 379.3 | S67: DIRECT | T67: 379.3
A68: BASE_200 | B68: TT_200 | C68: РЦП | D68: Основний | E68: 787 | F68: 782.5 | G68: 800.8 | H68: 816.5 | I68: 583.3 | J68: 460.7 | K68: 238.8 | L68: 139.7 | M68: 186.9 | N68: 194.6 | O68: 207.4 | P68: 334 | Q68: 338.4 | S68: KAM_HPP | T68: 139.7
A69: BASE_209 | B69: TT_209 | C69: РЦП | D69: Основний | E69: 637.5 | F69: 638.5 | G69: 643 | H69: 643.6 | I69: 554.9 | J69: 513.4 | K69: 446.6 | L69: 542.4 | M69: 578.6 | N69: 585.6 | O69: 601.3 | P69: 747.1 | Q69: 750.9 | R69: 286.6 | S69: DIRECT | T69: 286.6
A70: BASE_210 | B70: TT_210 | C70: РЦП | D70: Основний | E70: 572.2 | F70: 575 | G70: 573.1 | H70: 567.6 | I70: 551 | J70: 541.2 | K70: 522.6 | L70: 640.1 | M70: 686.4 | N70: 694 | O70: 709.6 | P70: 848.5 | Q70: 852.9 | R70: 400.9 | S70: DIRECT | T70: 400.9
A71: BASE_218 | B71: TT_218 | C71: РЦП | D71: Основний | E71: 721.3 | F71: 720.6 | G71: 730 | H71: 735.5 | I71: 589.7 | J71: 515.7 | K71: 389.5 | L71: 448.8 | M71: 471.7 | N71: 477.8 | O71: 493.1 | P71: 642.6 | Q71: 645.7 | R71: 186.6 | S71: DIRECT | T71: 186.6
A72: BASE_220 | B72: TT_220 | C72: РЦП | D72: Основний | E72: 741.8 | F72: 736.7 | G72: 756.2 | H72: 773.3 | I72: 533.7 | J72: 410.6 | K72: 207.5 | L72: 202.1 | M72: 263.3 | N72: 270.4 | O72: 281.2 | P72: 374.4 | Q72: 379.8 | S72: KAM_HPP | T72: 202.1
A73: BASE_227 | B73: TT_227 | C73: РЦП | D73: Основний | E73: 893 | F73: 888.2 | G73: 907.1 | H73: 923.5 | I73: 686.4 | J73: 563 | K73: 346.3 | L73: 250.3 | M73: 239.3 | N73: 239.9 | O73: 240.2 | P73: 242.2 | Q73: 240.5 | R73: 238.8 | S73: DIRECT | T73: 238.8
A74: BASE_264 | B74: TT_264 | C74: РЦП | D74: Основний | E74: 714.8 | F74: 710.8 | G74: 728.1 | H74: 742.4 | I74: 518.2 | J74: 400.4 | K74: 184.9 | L74: 214.5 | M74: 260.1 | N74: 267.8 | O74: 283.3 | P74: 421.7 | Q74: 425.9 | R74: 58.7 | S74: DIRECT | T74: 58.7
A75: BASE_228 | B75: TT_228 | C75: РЦП | D75: Основний | E75: 689.9 | F75: 688.6 | G75: 699.6 | H75: 706.8 | I75: 546 | J75: 466.4 | K75: 336.5 | L75: 401.9 | M75: 429.4 | N75: 435.9 | O75: 451.4 | P75: 600 | Q75: 603.3 | R75: 139.8 | S75: DIRECT | T75: 139.8
A76: BASE_258 | B76: TT_258 | C76: РЦП | D76: Основний | E76: 624.4 | F76: 621.6 | G76: 636.2 | H76: 647.6 | I76: 452.6 | J76: 359.9 | K76: 236.2 | L76: 334.7 | M76: 379 | N76: 386.6 | O76: 402.2 | P76: 542.4 | Q76: 546.6 | R76: 99.1 | S76: DIRECT | T76: 99.1
A77: BASE_111 | B77: TT_111 | C77: РЦП | D77: Основний | E77: 716.2 | F77: 713.1 | G77: 728.5 | H77: 740.7 | I77: 533.2 | J77: 425.2 | K77: 235.4 | L77: 270.5 | M77: 299.7 | N77: 306.6 | O77: 322.2 | P77: 469.4 | Q77: 472.9 | R77: 8 | S77: DIRECT | T77: 8
A78: BASE_268 | B78: TT_268 | C78: РЦП | D78: Основний | E78: 717 | F78: 713.8 | G78: 729.3 | H78: 741.5 | I78: 533.6 | J78: 425.3 | K78: 234.7 | L78: 268.9 | M78: 298.2 | N78: 305 | O78: 320.7 | P78: 467.8 | Q78: 471.3 | R78: 6.5 | S78: DIRECT | T78: 6.5
A79: BASE_267 | B79: TT_267 | C79: РЦП | D79: Основний | E79: 715 | F79: 711.9 | G79: 727.3 | H79: 739.5 | I79: 532.2 | J79: 424.4 | K79: 235.2 | L79: 271.4 | M79: 300.9 | N79: 307.8 | O79: 323.4 | P79: 470.5 | Q79: 474.1 | R79: 9 | S79: DIRECT | T79: 9
A80: BASE_266 | B80: TT_266 | C80: РЦП | D80: Основний | E80: 714.4 | F80: 711.3 | G80: 726.8 | H80: 739.2 | I80: 530.4 | J80: 421.7 | K80: 230.5 | L80: 266.6 | M80: 297.1 | N80: 304 | O80: 319.7 | P80: 466.4 | Q80: 470 | R80: 5.3 | S80: DIRECT | T80: 5.3
A81: BASE_113 | B81: TT_113 | C81: РЦП | D81: Основний | E81: 559 | F81: 560.9 | G81: 562.5 | H81: 560.4 | I81: 509.6 | J81: 489.2 | K81: 458.5 | L81: 572.5 | M81: 617.4 | N81: 624.9 | O81: 640.5 | P81: 780.7 | Q81: 785 | R81: 330.7 | S81: DIRECT | T81: 330.7
A82: BASE_174 | B82: TT_174 | C82: РЦП | D82: Основний | E82: 796.5 | F82: 794 | G82: 807.8 | H82: 818.1 | I82: 624.1 | J82: 520.9 | K82: 331.6 | L82: 329.6 | M82: 333.6 | N82: 338.3 | O82: 352.4 | P82: 501.3 | Q82: 503.5 | R82: 101.4 | S82: DIRECT | T82: 101.4
A83: BASE_238 | B83: TT_238 | C83: РЦП | D83: Основний | E83: 872.8 | F83: 867.7 | G83: 887.2 | H83: 904.4 | I83: 664.5 | J83: 541.6 | K83: 333.8 | L83: 252.5 | M83: 262.6 | N83: 265 | O83: 267.2 | P83: 277.2 | Q83: 281.4 | S83: KAM_HPP | T83: 252.5
A84: BASE_246 | B84: TT_246 | C84: РЦП | D84: Основний | E84: 582.3 | F84: 581.9 | G84: 590.6 | H84: 595.7 | I84: 469.3 | J84: 418.8 | K84: 353.3 | L84: 457.9 | M84: 500 | N84: 507.4 | O84: 523.1 | P84: 665.2 | Q84: 669.4 | R84: 211.6 | S84: DIRECT | T84: 211.6
A85: BASE_248 | B85: TT_248 | C85: РЦП | D85: Основний | E85: 608.5 | F85: 607.7 | G85: 617.4 | H85: 623.4 | I85: 483.4 | J85: 423 | K85: 339.8 | L85: 436.8 | M85: 476.1 | N85: 483.3 | O85: 499 | P85: 642.9 | Q85: 646.9 | R85: 185.7 | S85: DIRECT | T85: 185.7
A86: BASE_279 | B86: TT_279 | C86: РЦП | D86: Основний | E86: 573.2 | F86: 573.8 | G86: 579.5 | H86: 581.3 | I86: 488.5 | J86: 452.1 | K86: 402 | L86: 509.9 | M86: 552.5 | N86: 559.9 | O86: 575.6 | P86: 717.5 | Q86: 721.6 | R86: 264 | S86: DIRECT | T86: 264
A87: BASE_242 | B87: TT_242 | C87: РЦП | D87: Основний | E87: 720.8 | F87: 717.7 | G87: 733.2 | H87: 745.4 | I87: 537.3 | J87: 428.8 | K87: 236.9 | L87: 267.7 | M87: 295.8 | N87: 302.6 | O87: 318.3 | P87: 465.7 | Q87: 469.2 | R87: 6.5 | S87: DIRECT | T87: 6.5
A88: BASE_287 | B88: TT_287 | C88: РЦП | D88: Основний | E88: 667.5 | F88: 668.9 | G88: 672.1 | H88: 671.3 | I88: 594.3 | J88: 555.6 | K88: 489.1 | L88: 582.2 | M88: 616.6 | N88: 623.5 | O88: 639.1 | P88: 785.8 | Q88: 789.5 | R88: 324.6 | S88: DIRECT | T88: 324.6
A89: BASE_212 | B89: TT_212 | C89: РЦП | D89: Основний | E89: 845.6 | F89: 842.3 | G89: 858.1 | H89: 870.5 | I89: 657.7 | J89: 543.6 | K89: 330 | L89: 277.8 | M89: 262 | N89: 264.9 | O89: 276.7 | P89: 419.1 | Q89: 420.6 | R89: 126.9 | S89: DIRECT | T89: 126.9
A90: BASE_284 | B90: TT_284 | C90: РЦП | D90: Основний | E90: 609.8 | F90: 611.2 | G90: 614.7 | H90: 614.3 | I90: 538.6 | J90: 504.7 | K90: 451.3 | L90: 554.4 | M90: 593.9 | N90: 601.1 | O90: 616.8 | P90: 760.8 | Q90: 764.8 | R90: 302.9 | S90: DIRECT | T90: 302.9
A91: BASE_302 | B91: TT_302 | C91: РЦП | D91: Основний | E91: 465.4 | F91: 462.6 | G91: 477.5 | H91: 490 | I91: 336 | J91: 320.8 | K91: 325.2 | L91: 454.9 | M91: 511.1 | N91: 519.1 | O91: 534.1 | P91: 660.5 | Q91: 665.5 | R91: 253.8 | S91: DIRECT | T91: 253.8
A92: BASE_303 | B92: TT_303 | C92: РЦП | D92: Основний | E92: 867 | F92: 861.7 | G92: 881.5 | H92: 899.2 | I92: 658.3 | J92: 536.1 | K92: 334.6 | L92: 263.7 | M92: 281.7 | N92: 284.7 | O92: 287.7 | P92: 302.7 | Q92: 307 | S92: KAM_HPP | T92: 263.7
A93: BASE_143 | B93: TT_143 | C93: РЦП | D93: Основний | E93: 680.6 | F93: 675.4 | G93: 695 | H93: 712.5 | I93: 472.1 | J93: 349.4 | K93: 174.6 | L93: 251.6 | M93: 315.7 | N93: 323.4 | O93: 335.7 | P93: 436.9 | Q93: 442.3 | S93: KREM | T93: 174.6
A94: BASE_307 | B94: TT_307 | C94: РЦП | D94: Основний | E94: 522.3 | F94: 522.4 | G94: 529.7 | H94: 533.7 | I94: 433 | J94: 402.7 | K94: 370.5 | L94: 488.2 | M94: 536.2 | N94: 543.8 | O94: 559.4 | P94: 696.7 | Q94: 701.2 | R94: 255.2 | S94: DIRECT | T94: 255.2
A95: BASE_286 | B95: TT_286 | C95: РЦП | D95: Основний | E95: 645.5 | F95: 647.8 | G95: 647.9 | H95: 644.1 | I95: 601.7 | J95: 578.5 | K95: 535.9 | L95: 640.9 | M95: 680.3 | N95: 687.5 | O95: 703.2 | P95: 847.3 | Q95: 851.3 | R95: 389.1 | S95: DIRECT | T95: 389.1
A96: BASE_304 | B96: TT_304 | C96: РЦП | D96: Основний | E96: 586.8 | F96: 588.9 | G96: 589.5 | H96: 586.3 | I96: 543.1 | J96: 523 | K96: 489.6 | L96: 601.1 | M96: 644.5 | N96: 651.8 | O96: 667.5 | P96: 809 | Q96: 813.2 | R96: 355.9 | S96: DIRECT | T96: 355.9
A97: BASE_296 | B97: TT_296 | C97: РЦП | D97: Основний | E97: 812.4 | F97: 808.8 | G97: 825.3 | H97: 838.6 | I97: 619.9 | J97: 503.4 | K97: 286.2 | L97: 232.7 | M97: 224.7 | N97: 228.9 | O97: 242.7 | P97: 391.3 | Q97: 393.6 | R97: 99.1 | S97: DIRECT | T97: 99.1
A98: BASE_311 | B98: TT_311 | C98: РЦП | D98: Основний | E98: 750 | F98: 745.9 | G98: 763.4 | H98: 778 | I98: 551.2 | J98: 431.5 | K98: 210.2 | L98: 183.7 | M98: 223.3 | N98: 231.1 | O98: 246.5 | P98: 387.1 | Q98: 391.1 | R98: 78.7 | S98: DIRECT | T98: 78.7
A99: BASE_297 | B99: TT_297 | C99: РЦП | D99: Основний | E99: 682.8 | F99: 677.6 | G99: 697.3 | H99: 714.7 | I99: 474.3 | J99: 351.7 | K99: 176 | L99: 250.4 | M99: 314.5 | N99: 322.2 | O99: 334.4 | P99: 435 | Q99: 440.4 | S99: KREM | T99: 176
A100: BASE_314 | B100: TT_314 | C100: РЦП | D100: Основний | E100: 678.7 | F100: 673.3 | G100: 693.3 | H100: 711.3 | I100: 469.9 | J100: 349.4 | K100: 196 | L100: 269.9 | M100: 333.6 | N100: 341.1 | O100: 352.9 | P100: 447.1 | Q100: 452.6 | S100: KREM | T100: 196
...

Sheet 07_Сценарії
A1: НОРМАЛІЗОВАНА МАТРИЦЯ СЦЕНАРІЙ × ПЕРЕХІД
A2: Scenario_ID | B2: Сценарій | C2: Bridge_ID | D2: Доступний | E2: Рівень
A3: S0 | B3: Усі дозволені переходи працюють | C3: KYI_DARN | D3: Так | E3: База
A4: S0 | B4: Усі дозволені переходи працюють | C4: KYI_SOUTH | D4: Так | E4: База
A5: S0 | B5: Усі дозволені переходи працюють | C5: KYI_NORTH | D5: Так | E5: База
A6: S0 | B6: Усі дозволені переходи працюють | C6: KYI_HPP | D6: Так | E6: База
A7: S0 | B7: Усі дозволені переходи працюють | C7: KANIV_HPP | D7: Так | E7: База
A8: S0 | B8: Усі дозволені переходи працюють | C8: CHK | D8: Так | E8: База
A9: S0 | B9: Усі дозволені переходи працюють | C9: KREM | D9: Так | E9: База
A10: S0 | B10: Усі дозволені переходи працюють | C10: KAM_HPP | D10: Так | E10: База
A11: S0 | B11: Усі дозволені переходи працюють | C11: DNI_AMUR | D11: Так | E11: База
A12: S0 | B12: Усі дозволені переходи працюють | C12: DNI_CENTR | D12: Так | E12: База
A13: S0 | B13: Усі дозволені переходи працюють | C13: DNI_SOUTH | D13: Так | E13: База
... A158: S11 | B158: Жодного дозволеного переходу | C158: ZP_NEW | D158: Ні | E158: Колапс
A159: CUSTOM | B159: Сценарій користувача | C159: KYI_DARN | D159: ='07A_Конструктор'!D5 -> Так | E159: Конструктор
A160: CUSTOM | B160: Сценарій користувача | C160: KYI_SOUTH | D160: ='07A_Конструктор'!D6 -> Так | E160: Конструктор
A161: CUSTOM | B161: Сценарій користувача | C161: KYI_NORTH | D161: ='07A_Конструктор'!D7 -> Так | E161: Конструктор
A162: CUSTOM | B162: Сценарій користувача | C162: KYI_HPP | D162: ='07A_Конструктор'!D8 -> Так | E162: Конструктор
A163: CUSTOM | B163: Сценарій користувача | C163: KANIV_HPP | D163: ='07A_Конструктор'!D9 -> Так | E163: Конструктор
A164: CUSTOM | B164: Сценарій користувача | C164: CHK | D164: ='07A_Конструктор'!D10 -> Так | E164: Конструктор
A165: CUSTOM | B165: Сценарій користувача | C165: KREM | D165: ='07A_Конструктор'!D11 -> Так | E165: Конструктор
A166: CUSTOM | B166: Сценарій користувача | C166: KAM_HPP | D166: ='07A_Конструктор'!D12 -> Так | E166: Конструктор
A167: CUSTOM | B167: Сценарій користувача | C167: DNI_AMUR | D167: ='07A_Конструктор'!D13 -> Так | E167: Конструктор
A168: CUSTOM | B168: Сценарій користувача | C168: DNI_CENTR | D168: ='07A_Конструктор'!D14 -> Так | E168: Конструктор
A169: CUSTOM | B169: Сценарій користувача | C169: DNI_SOUTH | D169: ='07A_Конструктор'!D15 -> Так | E169: Конструктор
A170: CUSTOM | B170: Сценарій користувача | C170: ZP_PREOBR | D170: ='07A_Конструктор'!D16 -> Так | E170: Конструктор
A171: CUSTOM | B171: Сценарій користувача | C171: ZP_NEW | D171: ='07A_Конструктор'!D17 -> Так | E171: Конструктор

Sheet 08_Результати
A1: РЕЗУЛЬТАТИ ПО КОЖНОМУ ПОТОКУ ТА СЦЕНАРІЮ
A2: Scenario_ID | B2: Flow_ID | C2: TT_ID | D2: РЦ | E2: Тип потоку | F2: Палет/день | G2: Обраний Route_ID | H2: Перехід | I2: Км | J2: Доступний | K2: Недоставка, пал/день | L2: Км у S0 | M2: Додаткові км | N2: Вартість
K3: =IF(J3=TRUE,0,F3) -> 0 | M3: =MAX(0,I3-L3) -> 0

Sheet 08A_Пробіг
A1: ЗМІНА ПРОБІГУ ТРАНСПОРТУ ЗА СЦЕНАРІЯМИ
A3: Scenario_ID | B3: Сценарій | C3: Базовий пробіг, км | D3: Пробіг сценарію, км | E3: Зміна, км | F3: Зміна, % | G3: Статус
A4: S0 | B4: Усі переходи працюють | C4: =SUMIF('08_Результати'!$A:$A,"S0",'08_Результати'!$I:$I) -> 0 | D4: =SUMIF('08_Результати'!$A:$A,A4,'08_Результати'!$I:$I) -> 0 | E4: =D4-C4 -> 0 | F4: =IFERROR(E4/C4,0) -> 0 | G4: =IF(COUNTIF('08_Результати'!$A:$A,A4)=0,"Очікує маршрути","Розраховано") -> Очікує маршрути
A5: S1 | B5: Без Дарницького | C5: =SUMIF('08_Результати'!$A:$A,"S0",'08_Результати'!$I:$I) -> 0 | D5: =SUMIF('08_Результати'!$A:$A,A5,'08_Результати'!$I:$I) -> 0 | E5: =D5-C5 -> 0 | F5: =IFERROR(E5/C5,0) -> 0 | G5: =IF(COUNTIF('08_Результати'!$A:$A,A5)=0,"Очікує маршрути","Розраховано") -> Очікує маршрути
A6: S2 | B6: Без Південного Київ | C6: =SUMIF('08_Результати'!$A:$A,"S0",'08_Результати'!$I:$I) -> 0 | D6: =SUMIF('08_Результати'!$A:$A,A6,'08_Результати'!$I:$I) -> 0 | E6: =D6-C6 -> 0 | F6: =IFERROR(E6/C6,0) -> 0 | G6: =IF(COUNTIF('08_Результати'!$A:$A,A6)=0,"Очікує маршрути","Розраховано") -> Очікує маршрути
A7: S3 | B7: Без Північного | C7: =SUMIF('08_Результати'!$A:$A,"S0",'08_Результати'!$I:$I) -> 0 | D7: =SUMIF('08_Результати'!$A:$A,A7,'08_Результати'!$I:$I) -> 0 | E7: =D7-C7 -> 0 | F7: =IFERROR(E7/C7,0) -> 0 | G7: =IF(COUNTIF('08_Результати'!$A:$A,A7)=0,"Очікує маршрути","Розраховано") -> Очікує маршрути
A8: S4 | B8: Без Київської ГЕС | C8: =SUMIF('08_Результати'!$A:$A,"S0",'08_Результати'!$I:$I) -> 0 | D8: =SUMIF('08_Результати'!$A:$A,A8,'08_Результати'!$I:$I) -> 0 | E8: =D8-C8 -> 0 | F8: =IFERROR(E8/C8,0) -> 0 | G8: =IF(COUNTIF('08_Результати'!$A:$A,A8)=0,"Очікує маршрути","Розраховано") -> Очікує маршрути
A9: S5 | B9: Без Київського вузла | C9: =SUMIF('08_Результати'!$A:$A,"S0",'08_Результати'!$I:$I) -> 0 | D9: =SUMIF('08_Результати'!$A:$A,A9,'08_Результати'!$I:$I) -> 0 | E9: =D9-C9 -> 0 | F9: =IFERROR(E9/C9,0) -> 0 | G9: =IF(COUNTIF('08_Результати'!$A:$A,A9)=0,"Очікує маршрути","Розраховано") -> Очікує маршрути
A10: S6 | B10: Без Черкаського мосту | C10: =SUMIF('08_Результати'!$A:$A,"S0",'08_Результати'!$I:$I) -> 0 | D10: =SUMIF('08_Результати'!$A:$A,A10,'08_Результати'!$I:$I) -> 0 | E10: =D10-C10 -> 0 | F10: =IFERROR(E10/C10,0) -> 0 | G10: =IF(COUNTIF('08_Результати'!$A:$A,A10)=0,"Очікує маршрути","Розраховано") -> Очікує маршрути
A11: S7 | B11: Без Черкас і Кременчука | C11: =SUMIF('08_Результати'!$A:$A,"S0",'08_Результати'!$I:$I) -> 0 | D11: =SUMIF('08_Результати'!$A:$A,A11,'08_Результати'!$I:$I) -> 0 | E11: =D11-C11 -> 0 | F11: =IFERROR(E11/C11,0) -> 0 | G11: =IF(COUNTIF('08_Результати'!$A:$A,A11)=0,"Очікує маршрути","Розраховано") -> Очікує маршрути
A12: S8 | B12: Без Києва, Черкас і Дніпра | C12: =SUMIF('08_Результати'!$A:$A,"S0",'08_Результати'!$I:$I) -> 0 | D12: =SUMIF('08_Результати'!$A:$A,A12,'08_Результати'!$I:$I) -> 0 | E12: =D12-C12 -> 0 | F12: =IFERROR(E12/C12,0) -> 0 | G12: =IF(COUNTIF('08_Результати'!$A:$A,A12)=0,"Очікує маршрути","Розраховано") -> Очікує маршрути
A13: S9 | B13: Лише Канів/Черкаси та Кременчук | C13: =SUMIF('08_Результати'!$A:$A,"S0",'08_Результати'!$I:$I) -> 0 | D13: =SUMIF('08_Результати'!$A:$A,A13,'08_Результати'!$I:$I) -> 0 | E13: =D13-C13 -> 0 | F13: =IFERROR(E13/C13,0) -> 0 | G13: =IF(COUNTIF('08_Результати'!$A:$A,A13)=0,"Очікує маршрути","Розраховано") -> Очікує маршрути
A14: S10 | B14: Лише Кременчук | C14: =SUMIF('08_Результати'!$A:$A,"S0",'08_Результати'!$I:$I) -> 0 | D14: =SUMIF('08_Результати'!$A:$A,A14,'08_Результати'!$I:$I) -> 0 | E14: =D14-C14 -> 0 | F14: =IFERROR(E14/C14,0) -> 0 | G14: =IF(COUNTIF('08_Результати'!$A:$A,A14)=0,"Очікує маршрути","Розраховано") -> Очікує маршрути
A15: S11 | B15: Без переходів | C15: =SUMIF('08_Результати'!$A:$A,"S0",'08_Результати'!$I:$I) -> 0 | D15: =SUMIF('08_Результати'!$A:$A,A15,'08_Результати'!$I:$I) -> 0 | E15: =D15-C15 -> 0 | F15: =IFERROR(E15/C15,0) -> 0 | G15: =IF(COUNTIF('08_Результати'!$A:$A,A15)=0,"Очікує маршрути","Розраховано") -> Очікує маршрути
A16: CUSTOM | B16: Сценарій користувача | C16: =SUMIF('08_Результати'!$A:$A,"S0",'08_Результати'!$I:$I) -> 0 | D16: =SUMIF('08_Результати'!$A:$A,A16,'08_Результати'!$I:$I) -> 0 | E16: =D16-C16 -> 0 | F16: =IFERROR(E16/C16,0) -> 0 | G16: =IF(COUNTIF('08_Результати'!$A:$A,A16)=0,"Очікує маршрути","Розраховано") -> Очікує маршрути

Sheet 09_Контроль
A1: АУДИТ РОБОЧОЇ МОДЕЛІ
A2: Блок | B2: Статус | C2: Що перевірено | D2: Коментар
A3: Перемикачі переходів | B3: ПРАЦЮЄ | C3: 07A_Конструктор D5:D17 | D3: Так/Ні керує вибором переходу
A4: Резервний перехід | B4: ПРАЦЮЄ | C4: Результат сценарію | D4: Обирається найкоротший доступний варіант
A5: DIRECT | B5: КОНТРОЛЬ | C5: 06A_Варіанти R | D5: Дозволений лише якщо прямий маршрут був попередньо визначений
A6: Кількість маршрутів | B6: ВИПРАВЛЕНО | C6: Тільки основні унікальні ТТ / B14 | D6: Паралельні SKU-потоки не дублюють ТТ
A7: Ліміти РЦ | B7: ВИПРАВЛЕНО | C7: Базові унікальні ТТ | D7: РЦВ overflow перепризначений до доступного РЦ
A8: РЦК макси | B8: ВИПРАВЛЕНО | C8: Виключено з пробігу | D8: Обсяг відсутній у джерелі
A9: РЦЧ SKU | B9: ПРАЦЮЄ | C9: Окремий паралельний потік | D9: Не дублює базові ТТ у ліміті
A10: Пробіг | B10: ОЦІНКА | C10: Координатна відстань × 1,20 | D10: Не є дорожнім роутером і не будує порядок 4–5 ТТ
A11: Автоперерахунок | B11: ПРАЦЮЄ | C11: Повний перерахунок при відкритті | D11: Excel має бути в режимі Автоматично

Sheet 03A_РЦК_макси
A1: РЦК МАКСИ: ПАРАЛЕЛЬНИЙ ТОВАРНИЙ ПОТІК
A2: TT_ID | B2: Статус | C2: Номер ТТ | D2: Місто | E2: Чинний РЦ | F2: Широта | G2: Довгота | H2: Тип потоку
A3: TT_518 | B3: Діючий | C3: 518 | D3: м. Харків | E3: РЦП | F3: 50.011913 | G3: 36.352861 | H3: РЦК макси
A4: TT_9 | B4: Діючий | C4: 9 | D4: м. Полтава | E4: РЦП | F4: 49.569286 | G4: 34.576676 | H4: РЦК макси
A5: TT_39 | B5: Діючий | C5: 39 | D5: м. Знам'янка | E5: РЦП | F5: 48.720185 | G5: 32.662532 | H5: РЦК макси
A6: TT_157 | B6: Діючий | C6: 157 | D6: м. Пирятин | E6: РЦП | F6: 50.24397 | G6: 32.5196 | H6: РЦК макси
A7: TT_183 | B7: Діючий | C7: 183 | D7: м. Ічня | E7: РЦП | F7: 50.86181 | G7: 32.39335 | H7: РЦК макси
A8: TT_303 | B8: Діючий | C8: 303 | D8: м. Нікополь | E8: РЦП | F8: 47.559753 | G8: 34.395091 | H8: РЦК макси
A9: TT_319 | B9: Діючий | C9: 319 | D9: смт Томашпіль | E9: РЦВ | F9: 48.53644 | G9: 28.512977 | H9: РЦК макси
A10: TT_340 | B10: Діючий | C10: 340 | D10: м. Гайсин | E10: РЦВ | F10: 48.811396 | G10: 29.386696 | H10: РЦК макси
A11: TT_352 | B11: Діючий | C11: 352 | D11: м. Овруч | E11: РЦЛ | F11: 51.319286 | G11: 28.800682 | H11: РЦК макси
A12: TT_326 | B12: Діючий | C12: 326 | D12: м. Черкаси | E12: РЦВ | F12: 49.452111 | G12: 32.044676 | H12: РЦК макси
A13: TT_43 | B13: Діючий | C13: 43 | D13: м. Олександрія | E13: РЦП | F13: 48.663857 | G13: 33.117238 | H13: РЦК макси
A14: TT_423 | B14: Діючий | C14: 423 | D14: м. Дунаївці | E14: РЦЛ | F14: 48.895389 | G14: 26.861844 | H14: РЦК макси
... A349: TT_3452 | B349: Діючий | C349: 3452 | D349: м. Дніпро | E349: РЦП | F349: 48.450037 | G349: 35.060197 | H349: РЦК макси
